geo_type,geo_id,street_mi,pop2020,poverty_rate,lep_hh_share,broadband_hh_share,pct_hispanic,pct_nh_black,pct_nh_white,pct_nh_asian,acs_vintage,centerline_rows_updated
city,CHI,3950.4391,2746412,0.167772,0.076774,0.874214,0.298396,0.286756,0.314459,0.069133,2023,2021-06-11T21:55:49Z
community_area,1,37.2036,55628,0.180752,0.084225,0.893256,0.226271,0.248418,0.400733,0.06867,2023,2021-06-11T21:55:49Z
community_area,2,74.4091,77122,0.174362,0.140185,0.883769,0.198478,0.13594,0.36581,0.256931,2023,2021-06-11T21:55:49Z
community_area,3,39.086,57182,0.206919,0.084827,0.877278,0.132682,0.188871,0.522385,0.108111,2023,2021-06-11T21:55:49Z
community_area,4,46.2894,40494,0.096293,0.074326,0.931978,0.174569,0.039537,0.625821,0.111523,2023,2021-06-11T21:55:49Z
community_area,5,44.5889,35114,0.046786,0.018751,0.948248,0.128239,0.022213,0.734721,0.061571,2023,2021-06-11T21:55:49Z
community_area,6,68.2869,103050,0.081317,0.023447,0.932213,0.090636,0.038011,0.748501,0.074886,2023,2021-06-11T21:55:49Z
community_area,7,62.2059,70492,0.083805,0.025705,0.927983,0.069909,0.041068,0.771407,0.073327,2023,2021-06-11T21:55:49Z
community_area,8,60.6823,105481,0.100024,0.030139,0.909085,0.062447,0.081304,0.701264,0.116732,2023,2021-06-11T21:55:49Z
community_area,9,27.0873,11525,0.069289,0.023271,0.889082,0.107505,0.00538,0.827592,0.026725,2023,2021-06-11T21:55:49Z
community_area,10,94.0741,38327,0.063156,0.062259,0.892962,0.163018,0.009471,0.736296,0.058236,2023,2021-06-11T21:55:49Z
community_area,11,48.5818,26216,0.060193,0.089528,0.869712,0.241265,0.01644,0.601427,0.104173,2023,2021-06-11T21:55:49Z
community_area,12,58.9443,19596,0.04338,0.036028,0.940142,0.135079,0.010614,0.683201,0.126352,2023,2021-06-11T21:55:49Z
community_area,13,30.5329,17559,0.164788,0.138648,0.903813,0.190899,0.042314,0.454069,0.269662,2023,2021-06-11T21:55:49Z
community_area,14,43.7334,48396,0.136163,0.171909,0.866485,0.468799,0.044797,0.301843,0.145363,2023,2021-06-11T21:55:49Z
community_area,15,88.321,63020,0.09697,0.116603,0.888813,0.438496,0.021866,0.452174,0.055966,2023,2021-06-11T21:55:49Z
community_area,16,68.6472,51940,0.104919,0.082523,0.902118,0.413323,0.037447,0.426742,0.08092,2023,2021-06-11T21:55:49Z
community_area,17,74.5508,43147,0.087553,0.138808,0.846187,0.348576,0.018912,0.558787,0.049621,2023,2021-06-11T21:55:49Z
community_area,18,20.1029,14401,0.101573,0.068448,0.875231,0.613916,0.061176,0.269634,0.033053,2023,2021-06-11T21:55:49Z
community_area,19,81.2274,78116,0.147422,0.217448,0.813466,0.818872,0.033706,0.113511,0.020969,2023,2021-06-11T21:55:49Z
community_area,20,24.8398,24062,0.149011,0.206746,0.85754,0.849805,0.034993,0.088978,0.012052,2023,2021-06-11T21:55:49Z
community_area,21,40.8438,36257,0.132239,0.074511,0.909503,0.523154,0.030422,0.366577,0.044598,2023,2021-06-11T21:55:49Z
community_area,22,81.5595,71672,0.107348,0.072138,0.939181,0.363503,0.043113,0.507869,0.043239,2023,2021-06-11T21:55:49Z
community_area,23,71.2916,54158,0.26169,0.102986,0.850595,0.585915,0.298146,0.088002,0.007903,2023,2021-06-11T21:55:49Z
community_area,24,101.9099,87781,0.089245,0.042482,0.939463,0.212199,0.064467,0.620248,0.058122,2023,2021-06-11T21:55:49Z
community_area,25,136.6401,96557,0.247418,0.034499,0.81165,0.192529,0.745808,0.039293,0.003822,2023,2021-06-11T21:55:49Z
community_area,26,29.8946,17433,0.316109,0.01331,0.787554,0.066368,0.895084,0.013251,0.001205,2023,2021-06-11T21:55:49Z
community_area,27,41.4146,19992,0.38991,0.014347,0.815691,0.083233,0.834384,0.051771,0.004802,2023,2021-06-11T21:55:49Z
community_area,28,112.3587,67881,0.158342,0.03387,0.888301,0.097465,0.241025,0.42931,0.187726,2023,2021-06-11T21:55:49Z
community_area,29,67.9017,34794,0.332198,0.027307,0.815073,0.116313,0.836667,0.023998,0.003018,2023,2021-06-11T21:55:49Z
community_area,30,62.2627,71399,0.211701,0.335683,0.791948,0.867939,0.08748,0.032605,0.002885,2023,2021-06-11T21:55:49Z
community_area,31,45.9006,33751,0.160694,0.144104,0.875632,0.71032,0.045747,0.188943,0.029036,2023,2021-06-11T21:55:49Z
community_area,32,34.0727,42298,0.096239,0.026325,0.893488,0.082794,0.090028,0.569578,0.206842,2023,2021-06-11T21:55:49Z
community_area,33,26.6297,28795,0.074775,0.019835,0.889085,0.072964,0.228165,0.443862,0.200764,2023,2021-06-11T21:55:49Z
community_area,34,18.2543,13890,0.247676,0.378779,0.808941,0.043341,0.109503,0.110511,0.722318,2023,2021-06-11T21:55:49Z
community_area,35,31.4143,20291,0.278191,0.067129,0.878673,0.043418,0.702972,0.091026,0.125129,2023,2021-06-11T21:55:49Z
community_area,36,11.1998,6799,0.352704,0.014899,0.873795,0.030004,0.904398,0.026327,0.008678,2023,2021-06-11T21:55:49Z
community_area,37,13.1483,2567,0.529498,0.003367,0.728881,0.155434,0.77834,0.027659,0.005843,2023,2021-06-11T21:55:49Z
community_area,38,38.6808,24589,0.250067,0.017869,0.87041,0.030664,0.905364,0.025743,0.003457,2023,2021-06-11T21:55:49Z
community_area,39,18.394,19116,0.238571,0.018904,0.853293,0.039914,0.678228,0.163266,0.071354,2023,2021-06-11T21:55:49Z
community_area,40,24.9983,12707,0.457573,0.027627,0.901997,0.029905,0.93838,0.008657,0.001259,2023,2021-06-11T21:55:49Z
community_area,41,30.4893,29456,0.219115,0.072378,0.921109,0.083175,0.284119,0.408134,0.162819,2023,2021-06-11T21:55:49Z
community_area,42,37.7695,24425,0.315444,0.030569,0.840774,0.040123,0.815681,0.075578,0.030297,2023,2021-06-11T21:55:49Z
community_area,43,65.9054,53971,0.294799,0.006367,0.859369,0.02505,0.922922,0.017565,0.002742,2023,2021-06-11T21:55:49Z
community_area,44,57.2937,31710,0.252374,0.017144,0.769389,0.015011,0.954746,0.005298,0.00123,2023,2021-06-11T21:55:49Z
community_area,45,27.0471,9458,0.172714,0.014991,0.816925,0.020406,0.943328,0.004864,0.001797,2023,2021-06-11T21:55:49Z
community_area,46,52.7642,27300,0.293,0.046487,0.845189,0.210293,0.740952,0.02011,0.001612,2023,2021-06-11T21:55:49Z
community_area,47,8.132,2527,0.235102,0.0,0.880901,0.025722,0.944203,0.001583,0.001583,2023,2021-06-11T21:55:49Z
community_area,48,36.8532,13088,0.160049,0.011592,0.877921,0.04676,0.92199,0.007946,0.001452,2023,2021-06-11T21:55:49Z
community_area,49,98.871,38816,0.216705,0.008556,0.807822,0.023856,0.94358,0.006621,0.001211,2023,2021-06-11T21:55:49Z
community_area,50,20.6075,6820,0.213819,0.013975,0.809627,0.072287,0.836364,0.065103,0.001173,2023,2021-06-11T21:55:49Z
community_area,51,50.9941,14105,0.296836,0.084228,0.886484,0.334137,0.609004,0.034527,0.001205,2023,2021-06-11T21:55:49Z
community_area,52,42.7709,21710,0.162261,0.108695,0.902962,0.821004,0.041824,0.120912,0.002902,2023,2021-06-11T21:55:49Z
community_area,53,70.8532,26104,0.245201,0.011618,0.833861,0.061217,0.9058,0.008045,0.000958,2023,2021-06-11T21:55:49Z
community_area,54,18.3884,7262,0.550565,0.008067,0.850929,0.028367,0.940512,0.005646,0.000826,2023,2021-06-11T21:55:49Z
community_area,55,31.5736,10041,0.110464,0.06904,0.876138,0.57813,0.087242,0.310128,0.004482,2023,2021-06-11T21:55:49Z
community_area,56,79.9741,35444,0.072783,0.105761,0.871385,0.538624,0.049402,0.383817,0.012724,2023,2021-06-11T21:55:49Z
community_area,57,27.6503,14196,0.090016,0.234056,0.772451,0.82164,0.008735,0.117075,0.04304,2023,2021-06-11T21:55:49Z
community_area,58,48.1306,45053,0.195646,0.262178,0.826466,0.815839,0.013118,0.054913,0.10865,2023,2021-06-11T21:55:49Z
community_area,59,27.1467,15923,0.116334,0.154274,0.887943,0.559442,0.016015,0.136469,0.269673,2023,2021-06-11T21:55:49Z
community_area,60,41.394,33702,0.152186,0.18448,0.94089,0.219572,0.026705,0.307103,0.420628,2023,2021-06-11T21:55:49Z
community_area,61,74.5518,43628,0.27171,0.193068,0.833895,0.676011,0.186623,0.095535,0.027826,2023,2021-06-11T21:55:49Z
community_area,62,25.1075,18394,0.103835,0.160756,0.82463,0.845113,0.015168,0.105415,0.026476,2023,2021-06-11T21:55:49Z
community_area,63,43.6395,39540,0.155349,0.240634,0.770748,0.913809,0.035357,0.03523,0.005842,2023,2021-06-11T21:55:49Z
community_area,64,44.8114,24468,0.077744,0.109358,0.893929,0.591303,0.022764,0.35806,0.011321,2023,2021-06-11T21:55:49Z
community_area,65,46.7418,33662,0.15602,0.15368,0.860544,0.872735,0.03146,0.084754,0.00511,2023,2021-06-11T21:55:49Z
community_area,66,68.687,55931,0.22486,0.139528,0.784628,0.589101,0.365504,0.028088,0.002592,2023,2021-06-11T21:55:49Z
community_area,67,69.2893,29647,0.331484,0.038454,0.796457,0.196715,0.772827,0.00597,0.001518,2023,2021-06-11T21:55:49Z
community_area,68,67.4891,24369,0.326668,0.020277,0.770331,0.065862,0.900365,0.007345,0.001108,2023,2021-06-11T21:55:49Z
community_area,69,62.5196,31471,0.274026,0.005667,0.822353,0.021226,0.946236,0.005179,0.000794,2023,2021-06-11T21:55:49Z
community_area,70,93.145,41098,0.159778,0.032618,0.870439,0.46613,0.424352,0.087839,0.005134,2023,2021-06-11T21:55:49Z
community_area,71,84.138,44878,0.249172,0.004281,0.78701,0.03592,0.937185,0.004256,0.000958,2023,2021-06-11T21:55:49Z
community_area,72,59.7273,19923,0.058626,0.0,0.957053,0.059128,0.343272,0.552577,0.007931,2023,2021-06-11T21:55:49Z
community_area,73,63.425,25169,0.155748,0.000317,0.856449,0.021614,0.951687,0.003774,0.001232,2023,2021-06-11T21:55:49Z
community_area,74,44.0654,18628,0.05623,0.004992,0.923738,0.107043,0.040423,0.818982,0.006227,2023,2021-06-11T21:55:49Z
community_area,75,61.6822,21186,0.124074,0.003701,0.837606,0.045502,0.644246,0.275559,0.003446,2023,2021-06-11T21:55:49Z
community_area,76,29.0572,13418,0.083613,0.239757,0.900359,0.111194,0.028693,0.683708,0.145923,2023,2021-06-11T21:55:49Z
community_area,77,35.5295,56296,0.136028,0.078473,0.880574,0.150384,0.121145,0.549986,0.129956,2023,2021-06-11T21:55:49Z
community_area,UNASSIGNED,26.7853,2529129,,,,,,,,,2021-06-11T21:55:49Z
ward2023,1,58.6875,57595,0.092149,0.045621,0.937626,0.222971,0.040142,0.630124,0.062453,2023,2021-06-11T21:55:49Z
ward2023,2,28.6394,56987,0.10283,0.036703,0.904975,0.065225,0.049415,0.728622,0.119132,2023,2021-06-11T21:55:49Z
ward2023,3,69.3596,55976,0.201285,0.020359,0.876308,0.053791,0.576872,0.226043,0.102008,2023,2021-06-11T21:55:49Z
ward2023,4,70.8727,53424,0.234338,0.038324,0.881158,0.047956,0.603268,0.202942,0.100666,2023,2021-06-11T21:55:49Z
ward2023,5,68.2131,54342,0.249421,0.043632,0.884402,0.054286,0.572596,0.224964,0.099334,2023,2021-06-11T21:55:49Z
ward2023,6,102.7321,52259,0.238666,0.013147,0.812753,0.022082,0.943665,0.005817,0.00088,2023,2021-06-11T21:55:49Z
ward2023,7,90.7808,52497,0.297281,0.018128,0.874995,0.062118,0.894356,0.014344,0.001848,2023,2021-06-11T21:55:49Z
ward2023,8,117.8922,52313,0.232855,0.005792,0.794647,0.019594,0.947355,0.006633,0.001338,2023,2021-06-11T21:55:49Z
ward2023,9,136.3284,52259,0.258201,0.012202,0.827965,0.047112,0.91389,0.013931,0.000995,2023,2021-06-11T21:55:49Z
ward2023,10,136.6495,52373,0.249591,0.094015,0.873194,0.612243,0.243637,0.123422,0.002864,2023,2021-06-11T21:55:49Z
ward2023,11,77.4818,52487,0.162879,0.239966,0.905899,0.195267,0.02755,0.253701,0.50081,2023,2021-06-11T21:55:49Z
ward2023,12,67.4065,53056,0.183353,0.222684,0.835822,0.757615,0.016153,0.075712,0.1407,2023,2021-06-11T21:55:49Z
ward2023,13,96.3077,54270,0.080676,0.105418,0.884796,0.655224,0.014889,0.308108,0.009213,2023,2021-06-11T21:55:49Z
ward2023,14,68.9047,53278,0.132203,0.222107,0.787587,0.883873,0.034236,0.057716,0.014997,2023,2021-06-11T21:55:49Z
ward2023,15,62.7221,52392,0.268939,0.196839,0.788762,0.744503,0.161265,0.06751,0.01422,2023,2021-06-11T21:55:49Z
ward2023,16,100.9268,52515,0.30109,0.081226,0.785269,0.314253,0.651109,0.012873,0.001638,2023,2021-06-11T21:55:49Z
ward2023,17,96.1748,52732,0.254071,0.022387,0.790303,0.129011,0.839168,0.008477,0.001631,2023,2021-06-11T21:55:49Z
ward2023,18,122.8214,56045,0.165372,0.03809,0.85343,0.396003,0.512927,0.069837,0.004336,2023,2021-06-11T21:55:49Z
ward2023,19,138.2918,52216,0.067704,0.003564,0.898536,0.074805,0.272713,0.613682,0.006511,2023,2021-06-11T21:55:49Z
ward2023,20,94.9018,52207,0.353141,0.060575,0.847486,0.188231,0.722125,0.044304,0.017124,2023,2021-06-11T21:55:49Z
ward2023,21,155.8565,54810,0.183615,0.004301,0.846707,0.026911,0.941653,0.005692,0.001131,2023,2021-06-11T21:55:49Z
ward2023,22,57.8021,52365,0.177475,0.321216,0.786144,0.893288,0.065215,0.028836,0.004488,2023,2021-06-11T21:55:49Z
ward2023,23,83.2664,52275,0.122974,0.158812,0.844846,0.770215,0.01737,0.188388,0.013639,2023,2021-06-11T21:55:49Z
ward2023,24,82.0837,52205,0.318424,0.051848,0.807238,0.184752,0.762034,0.032468,0.002663,2023,2021-06-11T21:55:49Z
ward2023,25,60.4838,52715,0.194217,0.183534,0.860034,0.723267,0.051484,0.164944,0.036953,2023,2021-06-11T21:55:49Z
ward2023,26,59.5466,57649,0.186055,0.124191,0.887779,0.66551,0.080678,0.209683,0.018023,2023,2021-06-11T21:55:49Z
ward2023,27,120.974,57484,0.20463,0.023664,0.860529,0.153608,0.460058,0.297892,0.05104,2023,2021-06-11T21:55:49Z
ward2023,28,108.3984,52598,0.323313,0.021686,0.842413,0.107647,0.71305,0.094034,0.057131,2023,2021-06-11T21:55:49Z
ward2023,29,77.9133,53635,0.201855,0.042081,0.818981,0.217041,0.626904,0.124396,0.010441,2023,2021-06-11T21:55:49Z
ward2023,30,76.0413,57579,0.113141,0.130391,0.870455,0.576894,0.025669,0.324545,0.047396,2023,2021-06-11T21:55:49Z
ward2023,31,59.6643,57590,0.165798,0.199217,0.839404,0.772426,0.029502,0.160913,0.02009,2023,2021-06-11T21:55:49Z
ward2023,32,68.6601,57634,0.058499,0.025028,0.948676,0.11233,0.025471,0.74234,0.069438,2023,2021-06-11T21:55:49Z
ward2023,33,48.6614,57576,0.118894,0.1381,0.880468,0.503856,0.043647,0.310754,0.104314,2023,2021-06-11T21:55:49Z
ward2023,34,32.6521,52224,0.097766,0.0343,0.903587,0.079312,0.075617,0.573146,0.22415,2023,2021-06-11T21:55:49Z
ward2023,35,60.2189,57447,0.113512,0.095335,0.917249,0.531046,0.03814,0.355876,0.040681,2023,2021-06-11T21:55:49Z
ward2023,36,65.9112,57616,0.126851,0.114101,0.896944,0.556061,0.059341,0.32701,0.029974,2023,2021-06-11T21:55:49Z
ward2023,37,70.5121,53526,0.257413,0.060887,0.817815,0.326944,0.637821,0.015917,0.002784,2023,2021-06-11T21:55:49Z
ward2023,38,100.1249,57649,0.079885,0.132167,0.851246,0.336138,0.017069,0.568076,0.051675,2023,2021-06-11T21:55:49Z
ward2023,39,105.1231,56931,0.113671,0.09672,0.908859,0.242943,0.033549,0.494897,0.182906,2023,2021-06-11T21:55:49Z
ward2023,40,62.2385,57572,0.132835,0.113588,0.899805,0.218752,0.088237,0.477993,0.169718,2023,2021-06-11T21:55:49Z
ward2023,41,126.8622,55824,0.066296,0.102255,0.89652,0.142286,0.013399,0.736565,0.075004,2023,2021-06-11T21:55:49Z
ward2023,42,40.3949,53483,0.064414,0.023783,0.907032,0.065236,0.044444,0.696109,0.150272,2023,2021-06-11T21:55:49Z
ward2023,43,45.3549,57620,0.090419,0.019756,0.941742,0.064682,0.030476,0.792728,0.0689,2023,2021-06-11T21:55:49Z
ward2023,44,34.9589,57525,0.082072,0.014283,0.939231,0.081982,0.031586,0.764954,0.074542,2023,2021-06-11T21:55:49Z
ward2023,45,106.0057,56389,0.07391,0.078865,0.897622,0.258667,0.019365,0.593751,0.089415,2023,2021-06-11T21:55:49Z
ward2023,46,33.2645,57616,0.181913,0.076923,0.883313,0.120088,0.175108,0.560799,0.097421,2023,2021-06-11T21:55:49Z
ward2023,47,64.2335,57375,0.063073,0.02786,0.950328,0.130893,0.026231,0.723346,0.066858,2023,2021-06-11T21:55:49Z
ward2023,48,31.8963,56058,0.164414,0.086199,0.859742,0.131417,0.137804,0.54251,0.140408,2023,2021-06-11T21:55:49Z
ward2023,49,36.1961,57656,0.180898,0.085422,0.894554,0.225857,0.254336,0.394252,0.069967,2023,2021-06-11T21:55:49Z
ward2023,50,57.4642,56563,0.171334,0.132906,0.886938,0.174955,0.117869,0.405672,0.25895,2023,2021-06-11T21:55:49Z
ward2023,UNASSIGNED,38.307,2529129,,,,,,,,,2021-06-11T21:55:49Z
pov_quintile,Q1,777.7715,547743,0.045424,0.041669,0.920473,0.218783,0.090079,0.581422,0.071398,2023,2021-06-11T21:55:49Z
pov_quintile,Q2,722.9323,551001,0.091688,0.079011,0.900008,0.330881,0.095911,0.455066,0.082619,2023,2021-06-11T21:55:49Z
pov_quintile,Q3,747.8089,546567,0.138577,0.094295,0.874205,0.363399,0.216195,0.304049,0.086028,2023,2021-06-11T21:55:49Z
pov_quintile,Q4,763.2067,550811,0.206731,0.101521,0.855029,0.356324,0.386935,0.159458,0.070216,2023,2021-06-11T21:55:49Z
pov_quintile,Q5,896.6927,549672,0.361127,0.071348,0.813856,0.222691,0.644104,0.072703,0.035458,2023,2021-06-11T21:55:49Z
pov_quintile,EXCLUDED,42.0269,618,,,,,,,,2023,2021-06-11T21:55:49Z
pov_quintile,UNASSIGNED,26.7266,2529129,,,,,,,,,2021-06-11T21:55:49Z
race_group,hispanic,864.9869,687848,0.165266,0.1811,0.840874,0.754486,0.067205,0.132925,0.029823,2023,2021-06-11T21:55:49Z
race_group,nh_black,1462.4744,729391,0.272781,0.01873,0.826672,0.083978,0.852726,0.03073,0.006843,2023,2021-06-11T21:55:49Z
race_group,nh_white,1088.5438,888213,0.085235,0.04591,0.916226,0.142995,0.052713,0.670745,0.090508,2023,2021-06-11T21:55:49Z
race_group,no_majority,492.4071,440342,0.168806,0.114998,0.891542,0.254834,0.164663,0.348772,0.190584,2023,2021-06-11T21:55:49Z
race_group,EXCLUDED,42.0269,618,,,,,,,,2023,2021-06-11T21:55:49Z
race_group,UNASSIGNED,26.7266,2529129,,,,,,,,,2021-06-11T21:55:49Z
