geoid,tract_pop_city,poverty_rate,pov_quintile,race_group,excluded_reason
17031010100,4905,0.14006065618968844,Q3,no_majority,
17031010201,6939,0.24967009765109527,Q4,no_majority,
17031010202,2742,0.229020979020979,Q4,no_majority,
17031010300,6305,0.0800520059435364,Q2,no_majority,
17031010400,5079,0.16160558464223385,Q3,nh_white,
17031010501,4206,0.11139528275078148,Q2,no_majority,
17031010502,3278,0.19071518193224593,Q4,nh_white,
17031010503,2565,0.4694092827004219,Q5,nh_white,
17031010600,6225,0.17744888617638083,Q4,nh_white,
17031010701,3673,0.08284354883851106,Q2,no_majority,
17031010702,4776,0.19046696376671188,Q4,no_majority,
17031020100,4202,0.17338908017707821,Q4,no_majority,
17031020200,7128,0.05405029873558427,Q1,nh_white,
17031020301,5261,0.13161659513590845,Q3,nh_white,
17031020302,5010,0.07500556421099489,Q2,no_majority,
17031020400,4435,0.15527661552766156,Q3,no_majority,
17031020500,6599,0.3277387854745194,Q5,no_majority,
17031020601,6699,0.3263352368155862,Q5,no_majority,
17031020602,4662,0.1459783449342614,Q3,no_majority,
17031020701,1879,0.08698260347930414,Q2,nh_white,
17031020702,7717,0.13985088985088986,Q3,no_majority,
17031020801,5648,0.11215124816446402,Q2,no_majority,
17031020802,7546,0.14228799089356858,Q3,no_majority,
17031020901,5848,0.2559467174119886,Q4,no_majority,
17031020902,4488,0.2752897787144363,Q5,no_majority,
17031030101,3687,0.17520858164481526,Q4,no_majority,
17031030102,3121,0.24373710580607133,Q4,nh_white,
17031030103,2104,0.2642679900744417,Q5,nh_white,
17031030104,3521,0.22032935831913686,Q4,nh_white,
17031030200,5627,0.1140842523955885,Q2,nh_white,
17031030300,3148,0.10278956943602183,Q2,no_majority,
17031030400,2597,0.13066202090592335,Q3,nh_white,
17031030500,6183,0.04219543147208122,Q1,nh_white,
17031030601,3293,0.17502100252030245,Q4,no_majority,
17031030603,2045,0.12944983818770225,Q3,no_majority,
17031030604,3737,0.19763694951664876,Q4,no_majority,
17031030701,1671,0.1972140762463343,Q4,no_majority,
17031030702,2318,0.15856428895956384,Q3,nh_white,
17031030703,3075,0.19831223628691982,Q4,nh_white,
17031030706,2933,0.07788753799392097,Q2,nh_white,
17031030800,4284,0.0866916588566073,Q2,nh_white,
17031030900,2952,0.043684388757196074,Q1,nh_white,
17031031000,3868,0.053390282968499736,Q1,nh_white,
17031031100,4691,0.1635969664138678,Q3,nh_white,
17031031200,5541,0.35562203061763153,Q5,no_majority,
17031031300,6719,0.20084007467330428,Q4,nh_white,
17031031400,5221,0.049019607843137254,Q1,nh_white,
17031031501,4155,0.4575846218136231,Q5,no_majority,
17031031502,4712,0.4036756756756757,Q5,no_majority,
17031031700,6294,0.10185491884730043,Q2,nh_white,
17031031800,1910,0.1337386018237082,Q3,nh_white,
17031031900,2522,0.04168352893565358,Q1,nh_white,
17031032100,7543,0.14661492022423459,Q3,nh_white,
17031040100,3905,0.05172413793103448,Q1,nh_white,
17031040201,6408,0.0917686318131257,Q2,nh_white,
17031040202,7318,0.1841856699500742,Q4,no_majority,
17031040300,2928,0.1457044673539519,Q3,nh_white,
17031040401,3129,0.05666567253206084,Q1,nh_white,
17031040402,4746,0.07674031836540746,Q2,nh_white,
17031040600,2530,0.08293577981651376,Q2,nh_white,
17031040700,3426,0.08118592407869216,Q2,nh_white,
17031040800,1636,0.04199475065616798,Q1,nh_white,
17031040900,2063,0.036831483350151364,Q1,nh_white,
17031050100,2568,0.036012296881862096,Q1,nh_white,
17031050200,5309,0.04727340405732366,Q1,nh_white,
17031050300,2671,0.04674273095325727,Q1,nh_white,
17031050500,5117,0.017533606078316773,Q1,nh_white,
17031050600,2443,0.05730533683289589,Q1,nh_white,
17031050700,1513,0.0876010781671159,Q2,nh_white,
17031050800,1406,0.01771793054571226,Q1,nh_white,
17031050900,1426,0.039030955585464336,Q1,nh_white,
17031051000,1538,0.03123123123123123,Q1,nh_white,
17031051100,1599,0.07741935483870968,Q2,nh_white,
17031051200,1581,0.056142668428005284,Q1,nh_white,
17031051300,2907,0.01618229854689564,Q1,nh_white,
17031051400,2492,0.08567153011597456,Q2,nh_white,
17031060100,2830,0.02669208770257388,Q1,nh_white,
17031060200,2313,0.06424965580541533,Q1,nh_white,
17031060300,3076,0.034027777777777775,Q1,nh_white,
17031060400,3709,0.03802700468448608,Q1,nh_white,
17031060500,1374,0.23432343234323433,Q4,nh_white,
17031060800,5295,0.10415065334358185,Q2,nh_white,
17031060900,7104,0.07802789669935092,Q2,nh_white,
17031061000,2279,0.12246735704637551,Q3,nh_white,
17031061100,1367,0.05263157894736842,Q1,nh_white,
17031061200,1932,0.0627431906614786,Q1,nh_white,
17031061500,1797,0.05208898534997287,Q1,nh_white,
17031061800,1051,0.0960989533777355,Q2,nh_white,
17031061901,3625,0.21582115219260534,Q4,nh_white,
17031061902,4665,0.0735603194619588,Q2,nh_white,
17031062000,2843,0.10766115423557206,Q2,nh_white,
17031062100,3817,0.07773459189339256,Q2,nh_white,
17031062200,3244,0.08338499690018598,Q2,nh_white,
17031062300,1667,0.05232929164007658,Q1,nh_white,
17031062400,1673,0.08961996596710153,Q2,nh_white,
17031062500,1675,0.11346548188653452,Q2,nh_white,
17031062600,2477,0.04191363251481795,Q1,nh_white,
17031062700,2955,0.08700173310225304,Q2,nh_white,
17031062800,3851,0.02748865759274086,Q1,nh_white,
17031062900,4125,0.024277456647398842,Q1,nh_white,
17031063000,3417,0.1000997672098437,Q2,nh_white,
17031063100,2376,0.0831565549427238,Q2,nh_white,
17031063200,6900,0.02526906878802059,Q1,nh_white,
17031063301,2833,0.1971153846153846,Q4,nh_white,
17031063302,4577,0.06069364161849711,Q1,nh_white,
17031063303,1274,0.10094637223974763,Q2,nh_white,
17031063400,2417,0.050521920668058454,Q1,nh_white,
17031070101,4171,0.11438143096434554,Q2,nh_white,
17031070102,3063,0.0487720511933587,Q1,nh_white,
17031070103,1845,0.13388543823326432,Q3,nh_white,
17031070200,4200,0.06677568819841918,Q1,nh_white,
17031070300,4349,0.09937712344280861,Q2,nh_white,
17031070400,3250,0.13589274832419257,Q3,nh_white,
17031070500,3322,0.0137221269296741,Q1,nh_white,
17031070600,3449,0.0428226779252111,Q1,nh_white,
17031070700,3699,0.10835829022597332,Q2,nh_white,
17031071000,4357,0.05644515612489992,Q1,nh_white,
17031071100,3091,0.08924162257495591,Q2,nh_white,
17031071200,2973,0.11016320474777448,Q2,nh_white,
17031071300,3893,0.14637904468412943,Q3,nh_white,
17031071400,4962,0.17048458149779736,Q4,nh_white,
17031071500,6282,0.020087043856712422,Q1,nh_white,
17031071600,1793,0.05402425578831312,Q1,nh_white,
17031071700,1660,0.07933461292386436,Q2,nh_white,
17031071800,2652,0.04075009015506671,Q1,nh_white,
17031080100,6388,0.09464487946934153,Q2,nh_white,
17031080201,3375,0.024004683840749413,Q1,nh_white,
17031080202,4225,0.12280267392919039,Q3,nh_white,
17031080300,5499,0.08279729506844796,Q2,nh_white,
17031080400,4569,0.2773575390821987,Q5,nh_black,
17031081000,8746,0.14748100197016606,Q3,nh_white,
17031081100,4187,0.16253101736972705,Q3,nh_white,
17031081201,5080,0.047238703788224555,Q1,nh_white,
17031081202,3357,0.06267725467952354,Q1,nh_white,
17031081300,5540,0.10731622746185852,Q2,nh_white,
17031081401,2508,0.1,Q2,nh_white,
17031081402,7052,0.06598240469208211,Q1,nh_white,
17031081403,9843,0.1077920697353035,Q2,nh_white,
17031081500,5917,0.08382145021207837,Q2,nh_white,
17031081600,4168,0.031591448931116387,Q1,nh_white,
17031081700,5537,0.06812511993859144,Q2,nh_white,
17031081800,11373,0.0653404496199256,Q1,nh_white,
17031081900,1325,0.04054054054054054,Q1,nh_white,
17031090100,3585,0.08278050187481972,Q2,nh_white,
17031090200,6626,0.06042059008160703,Q1,nh_white,
17031090300,1314,0.07652303120356613,Q2,nh_white,
17031100100,5538,0.11053385883195987,Q2,nh_white,
17031100200,7024,0.02253597610643497,Q1,nh_white,
17031100300,6252,0.11911448868329753,Q3,nh_white,
17031100400,3207,0.016749926535409933,Q1,nh_white,
17031100500,6116,0.007325352867607647,Q1,nh_white,
17031100600,4897,0.12827332242225858,Q3,nh_white,
17031100700,4967,0.06594244330093386,Q1,nh_white,
17031110100,5568,0.07159110799929984,Q2,nh_white,
17031110200,2772,0.08374733853797019,Q2,nh_white,
17031110300,5348,0.03218799368088467,Q1,nh_white,
17031110400,4522,0.04045853000674309,Q1,nh_white,
17031110501,4786,0.07409602845287493,Q2,nh_white,
17031110502,3220,0.0682544292767935,Q2,nh_white,
17031120100,4402,0.024378231962570794,Q1,nh_white,
17031120200,4748,0.00980392156862745,Q1,nh_white,
17031120300,6920,0.061201413427561836,Q1,nh_white,
17031120400,3526,0.06993736951983298,Q2,nh_white,
17031130100,5205,0.20052770448548812,Q4,nh_white,
17031130200,1403,0.13049267643142476,Q3,nh_white,
17031130300,5083,0.11845841784989858,Q3,no_majority,
17031140100,3464,0.06018774157923799,Q1,hispanic,
17031140200,5834,0.19931703810208484,Q4,no_majority,
17031140301,2693,0.25178389398572887,Q4,hispanic,
17031140302,4060,0.11342216444588886,Q2,no_majority,
17031140400,6503,0.11406384814495255,Q2,no_majority,
17031140500,3451,0.0710543549443353,Q2,no_majority,
17031140601,2545,0.11725293132328309,Q3,hispanic,
17031140602,5041,0.24380165289256198,Q4,hispanic,
17031140701,2784,0.06781447645818693,Q2,hispanic,
17031140702,5535,0.11274787535410764,Q2,hispanic,
17031140800,6486,0.11609583534330278,Q3,nh_white,
17031150200,7434,0.13231733371314627,Q3,nh_white,
17031150300,7120,0.06609777263523287,Q1,nh_white,
17031150401,4681,0.11439485323683152,Q3,nh_white,
17031150402,3831,0.09572562068082928,Q2,nh_white,
17031150501,3823,0.04701073071027082,Q1,nh_white,
17031150502,4239,0.06492518387014963,Q1,no_majority,
17031150600,3882,0.10629722921914357,Q2,no_majority,
17031150700,4429,0.048499399759903965,Q1,no_majority,
17031150800,4903,0.10557723204039476,Q2,hispanic,
17031151001,2833,0.12206391990758568,Q3,hispanic,
17031151002,4588,0.12181663837011884,Q3,hispanic,
17031151100,5140,0.0940613790354723,Q2,hispanic,
17031151200,3880,0.12295501022494887,Q3,no_majority,
17031160100,2444,0.05052790346907994,Q1,nh_white,
17031160200,3278,0.10787172011661808,Q2,nh_white,
17031160300,3769,0.1459054209919262,Q3,no_majority,
17031160400,4854,0.15557692307692308,Q3,no_majority,
17031160501,3703,0.06769312450225644,Q1,hispanic,
17031160502,3300,0.10125287650217336,Q2,no_majority,
17031160601,3380,0.034574468085106384,Q1,no_majority,
17031160602,3481,0.13079603323505762,Q3,no_majority,
17031160700,5766,0.08571428571428572,Q2,no_majority,
17031160800,4997,0.07746613241747759,Q2,hispanic,
17031160900,2410,0.04603370324702014,Q1,nh_white,
17031161000,1899,0.06073082861554297,Q1,nh_white,
17031161100,1940,0.05405405405405406,Q1,nh_white,
17031161200,2820,0.23046018991964937,Q4,hispanic,
17031161300,3899,0.17149758454106281,Q4,hispanic,
17031170100,2034,0.26301369863013696,Q5,nh_white,
17031170200,3812,0.057150669948044845,Q1,no_majority,
17031170300,5216,0.04070691024622716,Q1,nh_white,
17031170400,4141,0.07338056680161943,Q2,nh_white,
17031170500,5316,0.026,Q1,nh_white,
17031170600,2551,0.12470771628994544,Q3,nh_white,
17031170700,3068,0.06776556776556776,Q2,nh_white,
17031170800,3799,0.09401061410159212,Q2,nh_white,
17031170900,1662,0.2804370447450572,Q5,nh_white,
17031171000,7313,0.08718520879821486,Q2,nh_white,
17031171100,4235,0.07939189189189189,Q2,no_majority,
17031180100,6656,0.14198813056379822,Q3,hispanic,
17031190100,2325,0.06533499791926758,Q1,hispanic,
17031190200,5652,0.2026956065114651,Q4,hispanic,
17031190300,5738,0.145302192904261,Q3,hispanic,
17031190401,4325,0.07919103313840156,Q2,hispanic,
17031190402,5294,0.15108372290692731,Q3,hispanic,
17031190601,4382,0.0427900074202325,Q1,hispanic,
17031190602,5378,0.13778545384763002,Q3,hispanic,
17031190701,2972,0.06614054866591507,Q1,hispanic,
17031190702,4952,0.23954778156996587,Q4,hispanic,
17031190800,6831,0.1082598235765838,Q2,hispanic,
17031190900,1927,0.1058139534883721,Q2,hispanic,
17031191000,2422,0.07435254803675856,Q2,hispanic,
17031191100,7533,0.33413116323599806,Q5,hispanic,
17031191200,3810,0.20728441349758972,Q4,hispanic,
17031191301,5214,0.1262252450490098,Q3,hispanic,
17031191302,4940,0.10305084745762712,Q2,hispanic,
17031200100,4118,0.19096452328159647,Q4,hispanic,
17031200200,5162,0.1691842900302115,Q4,hispanic,
17031200300,2015,0.26908292147171886,Q5,hispanic,
17031200401,3743,0.14957264957264957,Q3,hispanic,
17031200402,4192,0.09624029423784225,Q2,hispanic,
17031210100,4066,0.06052694042250178,Q1,no_majority,
17031210400,2912,0.31221889055472263,Q5,hispanic,
17031210501,3555,0.28073916133617627,Q5,hispanic,
17031210502,4099,0.14690959409594095,Q3,hispanic,
17031210601,2717,0.10522273425499232,Q2,hispanic,
17031210602,4148,0.11693834160170093,Q3,hispanic,
17031210700,3907,0.06185286103542234,Q1,no_majority,
17031210800,986,0.08662900188323917,Q2,hispanic,
17031210900,3170,0.07794417971409122,Q2,no_majority,
17031220300,2207,0.10438512869399429,Q2,nh_white,
17031220400,2579,0.0970724191063174,Q2,nh_white,
17031220500,2751,0.09313392250169952,Q2,nh_white,
17031220601,1635,0.020190023752969122,Q1,nh_white,
17031220602,4877,0.1349206349206349,Q3,nh_white,
17031220701,2920,0.08008356545961003,Q2,hispanic,
17031220702,3653,0.1338562091503268,Q3,hispanic,
17031220901,2903,0.1544943820224719,Q3,hispanic,
17031220902,2959,0.15028535193405199,Q3,hispanic,
17031221000,2432,0.1192443919716647,Q3,hispanic,
17031221100,4440,0.1529184756391703,Q3,no_majority,
17031221200,2954,0.16098484848484848,Q3,nh_white,
17031221300,3062,0.17724592438432188,Q4,nh_white,
17031221400,3385,0.08019966722129784,Q2,nh_white,
17031221500,2909,0.14077163712200208,Q3,no_majority,
17031221600,3159,0.0625589437283873,Q1,nh_white,
17031222200,2156,0.047706422018348627,Q1,nh_white,
17031222500,1415,0.0591672753834916,Q1,nh_white,
17031222600,1599,0.07216494845360824,Q2,nh_white,
17031222700,2082,0.18705378391242267,Q4,no_majority,
17031222800,960,0.24605678233438485,Q4,hispanic,
17031222900,1089,0.054924242424242424,Q1,hispanic,
17031230100,1504,0.2668463611859838,Q5,no_majority,
17031230200,1834,0.06642066420664207,Q1,hispanic,
17031230300,956,0.18263473053892215,Q4,hispanic,
17031230400,2235,0.19628286491387126,Q4,hispanic,
17031230500,3419,0.23390236597783767,Q4,hispanic,
17031230600,6817,0.15252182347235693,Q3,hispanic,
17031230700,6218,0.5193772211880183,Q5,hispanic,
17031230800,1234,0.13876040703052728,Q3,hispanic,
17031230900,5044,0.17718092858630022,Q4,hispanic,
17031231100,1214,0.1833887043189369,Q4,no_majority,
17031231200,5983,0.504999122960884,Q5,no_majority,
17031231500,5655,0.31635128578360017,Q5,nh_black,
17031240200,1556,0.07066950053134963,Q2,nh_white,
17031240300,1362,0.06356589147286822,Q1,nh_white,
17031240500,2610,0.038198632891033375,Q1,nh_white,
17031240600,1489,0.14837625979843225,Q3,nh_white,
17031240700,1499,0.13181242078580482,Q3,no_majority,
17031240800,1687,0.1320025756600129,Q3,no_majority,
17031240900,1122,0.05877034358047016,Q1,no_majority,
17031241000,2363,0.11686746987951807,Q3,no_majority,
17031241100,3574,0.19633507853403143,Q4,nh_white,
17031241200,1714,0.09387997623291741,Q2,nh_white,
17031241300,1848,0.10470324748040313,Q2,nh_white,
17031241400,5273,0.05222994743089707,Q1,nh_white,
17031241500,2954,0.050929368029739776,Q1,nh_white,
17031241600,3534,0.1137400228050171,Q2,nh_white,
17031242000,4692,0.058849557522123896,Q1,nh_white,
17031242100,3976,0.05803921568627451,Q1,nh_white,
17031242200,4082,0.047665847665847666,Q1,nh_white,
17031242300,3568,0.07699711260827719,Q2,nh_white,
17031242400,2902,0.08066052715147666,Q2,nh_white,
17031242500,3426,0.11508176862507571,Q3,nh_white,
17031242600,5665,0.17342552793870306,Q4,no_majority,
17031242700,1938,0.18561001042752867,Q4,no_majority,
17031242800,1507,0.064343163538874,Q1,nh_white,
17031242900,1962,0.06505771248688352,Q1,nh_white,
17031243000,2234,0.03905903240124279,Q1,nh_white,
17031243100,2249,0.02661064425770308,Q1,nh_white,
17031243200,2287,0.10144927536231885,Q2,nh_white,
17031243300,2431,0.04200542005420054,Q1,nh_white,
17031243400,2880,0.13686313686313686,Q3,nh_white,
17031243500,4746,0.043736263736263735,Q1,nh_white,
17031250200,2779,0.27106366755623335,Q5,hispanic,
17031250300,4742,0.1982793936911102,Q4,nh_black,
17031250400,5789,0.1512921751615219,Q3,nh_black,
17031250500,7315,0.11783481845990158,Q3,no_majority,
17031250600,4203,0.1984463276836158,Q4,nh_black,
17031250700,5932,0.2890076845973939,Q5,nh_black,
17031250800,2432,0.18745387453874537,Q4,nh_black,
17031251000,1075,0.40774487471526194,Q5,nh_black,
17031251100,4468,0.30249665626393224,Q5,nh_black,
17031251200,3910,0.06444026340545625,Q1,nh_black,
17031251300,5098,0.2492453643811988,Q4,nh_black,
17031251400,3986,0.31752829611501987,Q5,nh_black,
17031251500,4342,0.24830393487109906,Q4,nh_black,
17031251600,3522,0.30217292892711634,Q5,nh_black,
17031251700,1347,0.27525252525252525,Q5,nh_black,
17031251800,5101,0.345158371040724,Q5,nh_black,
17031251900,5387,0.373109243697479,Q5,nh_black,
17031252000,5646,0.32188765627751365,Q5,nh_black,
17031252101,1502,0.18130132659507264,Q4,nh_black,
17031252102,6187,0.1615221296749959,Q3,nh_black,
17031252201,2940,0.3243053112908899,Q5,nh_black,
17031252202,4783,0.298845836768343,Q5,nh_black,
17031260100,1477,0.359825327510917,Q5,nh_black,
17031260200,1054,0.1695583596214511,Q4,nh_black,
17031260300,1528,0.36267823930564164,Q5,nh_black,
17031260400,1398,0.6668785759694851,Q5,nh_black,
17031260500,1833,0.2218730358265242,Q4,nh_black,
17031260600,2114,0.17872340425531916,Q4,nh_black,
17031260700,1691,0.34457236842105265,Q5,nh_black,
17031260800,2271,0.31313131313131315,Q5,nh_black,
17031260900,1778,0.47058823529411764,Q5,nh_black,
17031261000,2289,0.20188235294117646,Q4,nh_black,
17031270500,1619,0.4663359319631467,Q5,nh_black,
17031271200,1172,0.34863064396743154,Q5,nh_black,
17031271300,1060,0.30113636363636365,Q5,nh_black,
17031271400,1535,0.3802535023348899,Q5,nh_black,
17031271500,1373,0.2363036303630363,Q4,nh_black,
17031271800,976,0.04287515762925599,Q1,nh_black,
17031280100,7421,0.02529553832464726,Q1,nh_white,
17031280400,1231,0.21451104100946372,Q4,nh_black,
17031280800,1198,0.2809756097560976,Q5,nh_black,
17031280900,1077,0.21057118499573743,Q4,nh_black,
17031281900,7031,0.0966183574879227,Q2,no_majority,
17031282700,2558,0.13300045392646392,Q3,no_majority,
17031282800,1634,0.1384062312762133,Q3,no_majority,
17031283100,2717,0.28390461997019373,Q5,no_majority,
17031283200,1670,0.13674263479710952,Q3,no_majority,
17031283800,3343,0.18052057094878254,Q4,no_majority,
17031290900,3975,0.3944223107569721,Q5,nh_black,
17031291200,2286,0.3113577023498694,Q5,nh_black,
17031291600,874,0.19958988380041012,Q4,hispanic,
17031292200,2942,0.18086816720257234,Q4,nh_black,
17031292400,2041,0.4152210408505876,Q5,nh_black,
17031292500,4057,0.2063768115942029,Q4,nh_black,
17031300500,3243,0.22642053648687627,Q4,hispanic,
17031300600,3253,0.18801284338209062,Q4,hispanic,
17031300700,4798,0.10543863304855178,Q2,hispanic,
17031300800,4136,0.45726598036868565,Q5,hispanic,
17031300900,4553,0.3978407557354926,Q5,hispanic,
17031301100,2323,0.1393643031784841,Q3,hispanic,
17031301200,4087,0.24769325404962067,Q4,hispanic,
17031301600,4995,0.288135593220339,Q5,hispanic,
17031301701,4279,0.14974802015838734,Q3,hispanic,
17031301702,4121,0.148112983622122,Q3,hispanic,
17031301801,3947,0.23743977976600136,Q4,hispanic,
17031301802,3376,0.26053793657165797,Q5,hispanic,
17031301803,5107,0.12959558823529413,Q3,hispanic,
17031310200,1588,0.03975903614457831,Q1,no_majority,
17031310300,1767,0.09096109839816933,Q2,hispanic,
17031310400,1375,0.11080711354309165,Q2,hispanic,
17031310500,1399,0.15015197568389058,Q3,hispanic,
17031310600,5498,0.11351246105919004,Q2,hispanic,
17031310700,1700,0.17196132596685082,Q4,hispanic,
17031310800,4175,0.19981369352585002,Q4,hispanic,
17031310900,4781,0.25877712031558187,Q5,hispanic,
17031320101,9532,0.035982171975214694,Q1,nh_white,
17031320102,4846,0.10294946458763855,Q2,nh_white,
17031320400,2856,0.20876826722338204,Q4,nh_white,
17031320600,6395,0.120446735395189,Q3,nh_white,
17031330101,4592,0.05988142292490119,Q1,nh_white,
17031330102,10811,0.009441462929835023,Q1,no_majority,
17031330103,8248,0.1377245508982036,Q3,no_majority,
17031330200,4008,0.08820614469772052,Q2,no_majority,
17031340300,1865,0.13363792118789264,Q3,no_majority,
17031340400,1844,0.2690715552927262,Q5,no_majority,
17031340500,1629,0.3341599504029758,Q5,no_majority,
17031340600,1151,0.5514655760054533,Q5,nh_black,
17031350100,2228,0.24707716289945442,Q4,no_majority,
17031350400,1512,0.5312693498452012,Q5,nh_black,
17031351000,3640,0.18386346004654772,Q4,nh_black,
17031351100,2038,0.5255813953488372,Q5,nh_black,
17031351400,1392,0.29293544457978077,Q5,nh_black,
17031351500,823,0.314410480349345,Q5,nh_black,
17031360200,1651,0.4619914346895075,Q5,nh_black,
17031380100,2207,0.18459915611814345,Q4,nh_black,
17031380200,2408,0.449944382647386,Q5,nh_black,
17031380600,3947,0.32010021198689537,Q5,nh_black,
17031381200,2077,0.20445736434108527,Q4,nh_black,
17031381400,1796,0.309958750736594,Q5,nh_black,
17031381500,667,0.41911764705882354,Q5,nh_black,
17031381700,18,,,,low_city_pop
17031381800,1462,0.14660390047074648,Q3,nh_black,
17031381900,1106,0.19627618308766487,Q4,nh_black,
17031390100,1553,0.11383039271485487,Q2,nh_black,
17031390200,1883,0.09565217391304348,Q2,nh_black,
17031390300,2617,0.4211864406779661,Q5,nh_black,
17031390400,2871,0.4248927038626609,Q5,nh_black,
17031390500,1666,0.1707028942705257,Q4,nh_black,
17031390600,1994,0.2520503007107709,Q4,no_majority,
17031390700,6532,0.1875,Q4,nh_black,
17031400300,1504,0.16653696498054474,Q3,nh_black,
17031400400,1995,0.35125448028673834,Q5,nh_black,
17031400500,2372,0.43523316062176165,Q5,nh_black,
17031400800,3178,0.7145390070921985,Q5,nh_black,
17031410100,2272,0.1500912408759124,Q3,nh_black,
17031410200,1165,0.22805429864253393,Q4,no_majority,
17031410500,2922,0.29129222187790516,Q5,no_majority,
17031410600,2371,0.34284377923292797,Q5,no_majority,
17031410700,2399,0.28478841021730844,Q5,no_majority,
17031410800,2993,0.17262773722627736,Q4,no_majority,
17031410900,3670,0.15225666122892875,Q3,no_majority,
17031411000,3902,0.2452636968766001,Q4,no_majority,
17031411100,2379,0.09226037929267042,Q2,nh_white,
17031411200,1713,0.16515973477998794,Q3,nh_white,
17031420100,1642,0.3953341740226986,Q5,nh_black,
17031420200,1781,0.4130938586326767,Q5,nh_black,
17031420300,2818,0.336812804453723,Q5,no_majority,
17031420400,1544,0.32520891364902504,Q5,nh_black,
17031420500,2053,0.5284794452699356,Q5,nh_black,
17031420600,2524,0.3675675675675676,Q5,nh_black,
17031420700,3021,0.4248836225137537,Q5,nh_black,
17031420800,2457,0.15428571428571428,Q3,nh_black,
17031421200,1405,0.12332439678284182,Q3,nh_black,
17031430101,4091,0.2909803921568627,Q5,nh_black,
17031430102,3104,0.27493765586034913,Q5,nh_black,
17031430200,5086,0.3092041253162094,Q5,nh_black,
17031430300,2558,0.21356196414653156,Q4,nh_black,
17031430400,3031,0.25695858791581805,Q4,nh_black,
17031430500,4098,0.30335365853658536,Q5,nh_black,
17031430600,1670,0.23884381338742394,Q4,nh_black,
17031430700,2175,0.2585624698504583,Q4,nh_black,
17031430800,1862,0.17796610169491525,Q4,nh_black,
17031430900,1797,0.29449838187702265,Q5,nh_black,
17031431200,2898,0.09217123023524874,Q2,nh_black,
17031431301,3590,0.3287523578550256,Q5,nh_black,
17031431302,4351,0.5627808617499339,Q5,nh_black,
17031431400,6716,0.4009669621273167,Q5,nh_black,
17031440101,4171,0.36,Q5,nh_black,
17031440102,3633,0.34358658874192555,Q5,nh_black,
17031440201,5054,0.3232428670842032,Q5,nh_black,
17031440202,3525,0.2028380634390651,Q4,nh_black,
17031440300,4677,0.06489041684572411,Q1,nh_black,
17031440600,1996,0.21419676214196762,Q4,nh_black,
17031440700,1497,0.1663230240549828,Q3,nh_black,
17031440800,1620,0.5759676487579434,Q5,nh_black,
17031440900,2462,0.3447348193697156,Q5,nh_black,
17031450300,3252,0.14454460677649986,Q3,nh_black,
17031460100,2840,0.21761883994766681,Q4,nh_black,
17031460200,1948,0.3622377622377622,Q5,hispanic,
17031460301,2987,0.31205432937181665,Q5,nh_black,
17031460302,3282,0.22683959767072526,Q4,nh_black,
17031460400,3411,0.23353596757852077,Q4,nh_black,
17031460500,5400,0.18575244879786287,Q4,nh_black,
17031460800,3639,0.40026654820079965,Q5,nh_black,
17031461000,1460,0.4087530966143683,Q5,nh_black,
17031470100,2527,0.2351024208566108,Q4,nh_black,
17031480100,2001,0.19207920792079208,Q4,nh_black,
17031480200,1103,0.17465069860279442,Q4,nh_black,
17031480300,1348,0.23864648263579696,Q4,nh_black,
17031480400,5650,0.057692307692307696,Q1,nh_black,
17031480500,2986,0.26793400286944047,Q5,nh_black,
17031490200,3040,0.13680781758957655,Q3,nh_black,
17031490500,1995,0.07956715467854869,Q2,nh_black,
17031490600,1443,0.193815987933635,Q4,nh_black,
17031490700,2656,0.308964316797215,Q5,nh_black,
17031490800,3502,0.05169340463458111,Q1,nh_black,
17031490901,3403,0.43278301886792453,Q5,nh_black,
17031490902,4647,0.2634705133644463,Q5,nh_black,
17031491000,3807,0.35474781628627783,Q5,nh_black,
17031491100,4079,0.09197194076383476,Q2,nh_black,
17031491200,2019,0.16136631330977622,Q3,nh_black,
17031491300,2023,0.302574065080136,Q5,nh_black,
17031491400,2593,0.22552166934189405,Q4,nh_black,
17031500100,3545,0.16405740378343117,Q3,nh_black,
17031500200,1688,0.2485143165856294,Q4,nh_black,
17031500300,1587,0.2625482625482625,Q5,no_majority,
17031510100,3231,0.18684645019262522,Q4,hispanic,
17031510200,2922,0.20395156150414276,Q4,nh_black,
17031510300,4850,0.3649851632047478,Q5,nh_black,
17031520100,1745,0.17806889859291605,Q4,hispanic,
17031520200,3338,0.3018926466025442,Q5,hispanic,
17031520300,5675,0.12897320685638208,Q3,hispanic,
17031520400,4055,0.18561112596951057,Q4,hispanic,
17031520500,4420,0.13297045101088648,Q3,hispanic,
17031520600,2530,0.077217125382263,Q2,hispanic,
17031530100,2197,0.31216361679224974,Q5,no_majority,
17031530200,4128,0.20749632533072024,Q4,nh_black,
17031530300,3964,0.1448395490026019,Q3,nh_black,
17031530400,2059,0.19334186939820744,Q4,nh_black,
17031530501,4514,0.4870569494225408,Q5,nh_black,
17031530502,1570,0.15003589375448673,Q3,nh_black,
17031530503,4898,0.128125,Q3,nh_black,
17031530600,2774,0.1994328922495274,Q4,nh_black,
17031540101,4324,0.5665588454839512,Q5,nh_black,
17031540102,2938,0.5322304620650313,Q5,nh_black,
17031550100,7019,0.12562009921587455,Q3,hispanic,
17031550200,2969,0.07573529411764705,Q2,hispanic,
17031560100,1477,0.08585858585858586,Q2,hispanic,
17031560200,1710,0.0718954248366013,Q2,nh_black,
17031560300,3253,0.1312150632538982,Q3,hispanic,
17031560400,1630,0.15657894736842104,Q3,hispanic,
17031560700,3635,0.12148070907194995,Q3,hispanic,
17031560800,5682,0.04066985645933014,Q1,hispanic,
17031560900,5112,0.07987470634299139,Q2,nh_white,
17031561000,5308,0.06366324578187511,Q1,nh_white,
17031561100,5581,0.014038128249566724,Q1,hispanic,
17031570100,1316,0.23564064801178203,Q4,hispanic,
17031570200,2096,0.05187319884726225,Q1,hispanic,
17031570300,6376,0.08085671592229786,Q2,hispanic,
17031570400,1769,0.10039259674705553,Q2,hispanic,
17031570500,2639,0.059718100890207716,Q1,hispanic,
17031580100,3228,0.18185900314324202,Q4,hispanic,
17031580200,3466,0.265814696485623,Q5,hispanic,
17031580300,2577,0.06252605252188412,Q1,hispanic,
17031580400,4546,0.20385795703638754,Q4,hispanic,
17031580501,5170,0.09566184649610679,Q2,hispanic,
17031580502,5345,0.284568746332877,Q5,hispanic,
17031580600,5405,0.12155834425922457,Q3,hispanic,
17031580700,5621,0.3309527956801951,Q5,hispanic,
17031580800,2058,0.0829979879275654,Q2,hispanic,
17031590500,1854,0.08382449246889326,Q2,hispanic,
17031590600,3477,0.12570965125709652,Q3,hispanic,
17031590700,3027,0.10410557184750734,Q2,hispanic,
17031600400,4297,0.15840118430792005,Q3,no_majority,
17031600600,2988,0.12624953720844131,Q3,no_majority,
17031600700,2591,0.16721097322011758,Q3,no_majority,
17031600900,3682,0.16583573865127263,Q3,no_majority,
17031610300,5410,0.39179449270005545,Q5,hispanic,
17031610400,2029,0.17994100294985252,Q4,hispanic,
17031610800,1512,0.10031948881789138,Q2,nh_white,
17031611200,2680,0.35877533419577406,Q5,hispanic,
17031611300,3668,0.2082982898794505,Q4,hispanic,
17031611400,3737,0.49581111957349583,Q5,hispanic,
17031611500,3587,0.21525724423418097,Q4,hispanic,
17031611600,1921,0.28578407425500735,Q5,hispanic,
17031611700,2180,0.3532440782698249,Q5,hispanic,
17031611800,2205,0.07593123209169055,Q2,hispanic,
17031611900,1984,0.2878876535985957,Q5,nh_black,
17031612000,1448,0.27280701754385966,Q5,nh_black,
17031612100,1168,0.24633821571238348,Q4,nh_black,
17031612200,3939,0.25489690721649483,Q4,hispanic,
17031620100,4567,0.040062536642564005,Q1,hispanic,
17031620200,2390,0.034447821681864235,Q1,hispanic,
17031620300,6410,0.1216946261017913,Q3,hispanic,
17031620400,5027,0.1798334458699077,Q4,hispanic,
17031630300,5385,0.15060015003750937,Q3,hispanic,
17031630400,7204,0.08309859154929577,Q2,hispanic,
17031630500,6271,0.20642201834862386,Q4,hispanic,
17031630600,3250,0.31388184124682855,Q5,hispanic,
17031630800,6641,0.12829697167046564,Q3,hispanic,
17031630900,5204,0.08483402039487958,Q2,hispanic,
17031640100,1312,0.06390210740992522,Q1,hispanic,
17031640300,6710,0.05568685376661743,Q1,hispanic,
17031640400,3390,0.08529674917983895,Q2,no_majority,
17031640500,3896,0.08096063382025254,Q2,no_majority,
17031640600,4063,0.07660359944623904,Q2,hispanic,
17031640700,3298,0.0724812030075188,Q2,hispanic,
17031640800,1799,0.18337912087912087,Q4,hispanic,
17031650100,4765,0.12190336031395634,Q3,hispanic,
17031650200,7251,0.061351511558980436,Q1,hispanic,
17031650301,5829,0.15465695668838636,Q3,hispanic,
17031650302,4522,0.1875116844269957,Q4,hispanic,
17031650400,6894,0.22913093196112064,Q4,hispanic,
17031650500,4401,0.18208881170925328,Q4,hispanic,
17031660301,1850,0.29762532981530343,Q5,hispanic,
17031660302,5549,0.11218934911242603,Q2,hispanic,
17031660400,5692,0.21221864951768488,Q4,hispanic,
17031660500,5013,0.11577534981790301,Q3,hispanic,
17031660600,6404,0.2500906782734857,Q4,hispanic,
17031660700,2076,0.2769409038238702,Q5,nh_black,
17031660800,6114,0.3615951742627346,Q5,hispanic,
17031660900,4446,0.33532695374800636,Q5,nh_black,
17031661000,5756,0.26017699115044246,Q5,nh_black,
17031661100,6633,0.11619179986101459,Q3,hispanic,
17031670100,1349,0.25313807531380755,Q4,nh_black,
17031670200,1325,0.2532221379833207,Q4,nh_black,
17031670300,1287,0.3954512105649303,Q5,nh_black,
17031670400,1585,0.32476319350473615,Q5,nh_black,
17031670500,1148,0.5157179269328802,Q5,nh_black,
17031670600,1339,0.41647597254004576,Q5,nh_black,
17031670700,1252,0.48331539289558667,Q5,nh_black,
17031670800,1477,0.2179023508137432,Q4,nh_black,
17031670900,1172,0.37747747747747745,Q5,nh_black,
17031671100,994,0.647982062780269,Q5,nh_black,
17031671200,980,0.2639257294429708,Q5,nh_black,
17031671300,2048,0.3941034897713598,Q5,nh_black,
17031671400,1558,0.4288563829787234,Q5,nh_black,
17031671500,2716,0.24959016393442623,Q4,nh_black,
17031671600,1804,0.356937248128958,Q5,nh_black,
17031671800,1142,0.3518821603927987,Q5,nh_black,
17031671900,1122,0.07850467289719626,Q2,nh_black,
17031672000,3397,0.21016393442622952,Q4,nh_black,
17031680500,1307,0.2440775305096913,Q4,nh_black,
17031680600,1165,0.1686746987951807,Q3,nh_black,
17031680900,3573,0.38143074581430747,Q5,nh_black,
17031681000,2573,0.374853572823116,Q5,nh_black,
17031681100,2873,0.27648456057007126,Q5,nh_black,
17031681200,2353,0.45577211394302847,Q5,nh_black,
17031681300,2182,0.371849738468854,Q5,nh_black,
17031681400,2474,0.07995618838992333,Q2,nh_black,
17031690300,2302,0.270253164556962,Q5,nh_black,
17031690400,3363,0.1595744680851064,Q3,nh_black,
17031690500,992,0.2503097893432466,Q4,nh_black,
17031690900,4250,0.3063479825237728,Q5,nh_black,
17031691000,2668,0.24708333333333332,Q4,nh_black,
17031691100,2980,0.20537974683544305,Q4,nh_black,
17031691200,2277,0.3630510153541357,Q5,nh_black,
17031691300,2374,0.24746450304259635,Q4,nh_black,
17031691400,3411,0.2815186246418338,Q5,nh_black,
17031691500,1806,0.4520624303232999,Q5,nh_black,
17031700100,3326,0.15606179628174915,Q3,nh_black,
17031700200,6554,0.21353034912356947,Q4,hispanic,
17031700301,5762,0.10473363021606466,Q2,hispanic,
17031700302,5662,0.17063633131887665,Q4,hispanic,
17031700401,5822,0.13472396486825597,Q3,no_majority,
17031700402,4082,0.06545033304373009,Q1,nh_black,
17031700501,6912,0.27283180026281206,Q5,nh_black,
17031700502,2978,0.07107540173053152,Q2,nh_black,
17031710100,1015,0.45875,Q5,nh_black,
17031710200,4635,0.36777668952007836,Q5,nh_black,
17031710300,1424,0.1700854700854701,Q4,nh_black,
17031710400,5424,0.35418953530918407,Q5,nh_black,
17031710500,4036,0.31607047517351844,Q5,nh_black,
17031710600,1706,0.2142064372918979,Q4,nh_black,
17031710700,3420,0.30675203725261935,Q5,nh_black,
17031710800,4804,0.20623806492679822,Q4,nh_black,
17031710900,1942,0.3519924098671727,Q5,nh_black,
17031711000,3058,0.20677671589921806,Q4,nh_black,
17031711100,2499,0.2192513368983957,Q4,nh_black,
17031711200,4687,0.12198168193172357,Q3,nh_black,
17031711300,1462,0.0906832298136646,Q2,nh_black,
17031711400,2394,0.1994080651128376,Q4,nh_black,
17031711500,2372,0.12459546925566344,Q3,nh_black,
17031720100,3344,0.12254753999396317,Q3,nh_white,
17031720200,4131,0.026097867001254705,Q1,nh_black,
17031720300,3637,0.028538147932440302,Q1,nh_white,
17031720400,1961,0.031079607415485277,Q1,nh_white,
17031720500,2086,0.03177966101694915,Q1,nh_white,
17031720600,1691,0.05129533678756477,Q1,nh_white,
17031720700,3073,0.10424323421316405,Q2,nh_black,
17031730100,2462,0.24293322408848833,Q4,nh_black,
17031730201,5627,0.12535721089731378,Q3,nh_black,
17031730202,2893,0.045454545454545456,Q1,nh_black,
17031730300,1046,0.15567567567567567,Q3,nh_black,
17031730400,3386,0.1380721043211455,Q3,nh_black,
17031730500,4220,0.25882934057792045,Q5,nh_black,
17031730600,3254,0.11286681715575621,Q2,nh_black,
17031730700,2281,0.18096577590248478,Q4,nh_black,
17031740100,3234,0.11023622047244094,Q2,nh_white,
17031740200,5830,0.061634349030470915,Q1,nh_white,
17031740300,4869,0.040179442168909694,Q1,nh_white,
17031740400,4695,0.03367231638418079,Q1,nh_white,
17031750100,3736,0.16309918601145615,Q3,nh_black,
17031750200,3024,0.07275541795665634,Q2,nh_black,
17031750300,2470,0.03948896631823461,Q1,nh_white,
17031750400,2909,0.029693170570768722,Q1,nh_white,
17031750500,5618,0.13016693163751988,Q3,nh_black,
17031750600,3420,0.2790633608815427,Q5,nh_black,
17031760801,4403,0.1395253682487725,Q3,nh_white,
17031760802,2374,0.05303030303030303,Q1,nh_white,
17031760803,6394,0.05380418308578357,Q1,nh_white,
17031770500,0,0.20915032679738563,,,low_city_pop
17031770602,0,0.03795272175233138,,,low_city_pop
17031770700,0,0.09547738693467336,,,low_city_pop
17031770800,0,0.034770979605483116,,,low_city_pop
17031770902,247,0.08154284235050478,,,low_city_pop
17031810400,326,0.033907238229093466,,,low_city_pop
17031823304,9,0.11479185119574845,,,low_city_pop
17031830500,4410,0.10559006211180125,Q2,hispanic,
17031830600,4935,0.1436429024751428,Q3,no_majority,
17031830700,4006,0.2544187204381379,Q4,no_majority,
17031830800,2405,0.06115107913669065,Q1,nh_white,
17031830900,3076,0.03777472527472527,Q1,nh_white,
17031831000,2633,0.057971014492753624,Q1,nh_white,
17031831100,6697,0.12369619509328632,Q3,hispanic,
17031831200,4832,0.10457375993128623,Q2,hispanic,
17031831300,1251,0.3152789005658852,Q5,hispanic,
17031831400,2820,0.26655112651646445,Q5,nh_black,
17031831500,4421,0.09370508766887037,Q2,hispanic,
17031831600,7745,0.06364016153739034,Q1,hispanic,
17031831700,2237,0.12701421800947868,Q3,hispanic,
17031831800,5868,0.18087147163606468,Q4,no_majority,
17031831900,3040,0.1082115518441197,Q2,nh_white,
17031832000,2062,0.07315598548972188,Q2,nh_white,
17031832100,3410,0.15799457994579946,Q3,nh_white,
17031832200,3289,0.07040498442367601,Q2,nh_white,
17031832300,2054,0.08275220827522083,Q2,nh_white,
17031832400,3601,0.048591938155715074,Q1,nh_white,
17031832500,3334,0.13157894736842105,Q3,nh_white,
17031832600,4147,0.021897810218978103,Q1,nh_white,
17031832900,1995,0.317429406037001,Q5,no_majority,
17031833000,5637,0.08314966940492888,Q2,nh_white,
17031833100,9493,0.05146476642913698,Q1,nh_white,
17031833300,2912,0.22422018348623854,Q4,no_majority,
17031833900,2333,0.46156847444401095,Q5,nh_black,
17031834000,3609,0.2022922636103152,Q4,nh_black,
17031834200,4693,0.17036063110443275,Q4,nh_black,
17031834300,6240,0.18726053639846743,Q4,nh_black,
17031834400,3765,0.2033939393939394,Q4,nh_black,
17031834500,1765,0.4178082191780822,Q5,nh_black,
17031834600,2357,0.40766002098635884,Q5,nh_black,
17031834700,1759,0.3616010854816825,Q5,nh_black,
17031834800,1753,0.3061101028433152,Q5,nh_black,
17031834900,1952,0.3609625668449198,Q5,nh_black,
17031835000,6398,0.22097186700767263,Q4,hispanic,
17031835100,5585,0.2093546210928716,Q4,hispanic,
17031835200,2038,0.08123877917414722,Q2,hispanic,
17031835500,1584,0.4940736119775421,Q5,nh_black,
17031835600,898,0.6975881261595547,Q5,nh_black,
17031835800,1698,0.1978021978021978,Q4,nh_black,
17031836000,2338,0.23897996357012752,Q4,nh_black,
17031836100,1893,0.3741496598639456,Q5,nh_black,
17031836200,2178,0.09919571045576407,Q2,no_majority,
17031836300,1492,0.29791271347248577,Q5,no_majority,
17031836400,3621,0.3081621321488062,Q5,nh_black,
17031836500,1527,0.3228668941979522,Q5,nh_black,
17031836600,2929,0.11032587357675697,Q2,hispanic,
17031836700,2481,0.2100681302043906,Q4,nh_black,
17031836800,2645,0.5629952456418383,Q5,nh_black,
17031836900,1439,0.7340187751452839,Q5,nh_black,
17031837000,2042,0.16187658495350804,Q3,nh_black,
17031837100,1652,0.22486413043478262,Q4,nh_black,
17031837300,2489,0.4811443433029909,Q5,nh_black,
17031837400,1990,0.3455200823892894,Q5,nh_black,
17031837800,2837,0.3057884231536926,Q5,nh_black,
17031838000,2651,0.26867924528301884,Q5,nh_black,
17031838100,1821,0.3383647798742138,Q5,nh_black,
17031838200,1675,0.08657587548638132,Q2,no_majority,
17031838300,2580,0.15585738539898134,Q3,nh_white,
17031838600,1518,0.35955831608005523,Q5,nh_black,
17031838700,4132,0.4512557385903322,Q5,nh_black,
17031838800,3102,0.42876344086021506,Q5,nh_black,
17031839000,10435,0.14188919888401755,Q3,nh_white,
17031839100,8234,0.060172773309502534,Q1,nh_white,
17031839200,2749,0.2351931330472103,Q4,nh_black,
17031839500,1590,0.15147857573928786,Q3,nh_black,
17031839600,1729,0.21778846153846154,Q4,nh_black,
17031839700,4545,0.10041753653444677,Q2,no_majority,
17031839800,2686,0.17374517374517376,Q4,no_majority,
17031839900,4431,0.07621402877697842,Q2,no_majority,
17031840000,3001,0.19136745607333844,Q4,no_majority,
17031840100,3029,0.17259786476868327,Q4,no_majority,
17031840200,2497,0.2970882620564149,Q5,no_majority,
17031840300,4196,0.14608555286521388,Q3,hispanic,
17031840400,3369,0.0994579945799458,Q2,no_majority,
17031840700,3900,0.038030095759233926,Q1,hispanic,
17031840800,3332,0.2335677162947111,Q4,hispanic,
17031841000,1136,0.18798283261802576,Q4,no_majority,
17031841100,7356,0.19292520558673804,Q4,no_majority,
17031841200,4873,0.1403897254207263,Q3,hispanic,
17031841300,4173,0.18978805394990367,Q4,hispanic,
17031841500,2904,0.4204761904761905,Q5,nh_black,
17031841700,1509,0.24753289473684212,Q4,no_majority,
17031841800,2404,0.2569444444444444,Q4,nh_black,
17031841900,6500,0.1350535273126544,Q3,no_majority,
17031842000,2590,0.16898792943361188,Q3,no_majority,
17031842100,6650,0.18915716190194046,Q4,hispanic,
17031842200,4212,0.09782309176081565,Q2,nh_white,
17031842300,3529,0.10305343511450382,Q2,nh_white,
17031842400,3041,0.020074119827053736,Q1,nh_black,
17031842500,2644,0.32241442767758555,Q5,nh_black,
17031842600,4245,0.16132548506649227,Q3,no_majority,
17031842800,7637,0.18542462533059065,Q4,hispanic,
17031842900,2480,0.5133079847908745,Q5,nh_black,
17031843000,2880,0.4509403107113655,Q5,nh_black,
17031843100,1747,0.278336686787391,Q5,nh_black,
17031843200,2422,0.1346785546691694,Q3,hispanic,
17031843300,1572,0.355134074558535,Q5,nh_black,
17031843400,1524,0.173841059602649,Q4,nh_black,
17031843500,6030,0.2559241706161137,Q4,nh_black,
17031843600,3089,0.16244656363038473,Q3,nh_black,
17031843700,2544,0.08189836203275934,Q2,nh_white,
17031843800,2000,0.15942028985507245,Q3,no_majority,
17031843900,3666,0.3310985043837029,Q5,nh_black,
17031844600,1776,0.20647002854424357,Q4,nh_black,
17031844700,2342,0.2812172088142707,Q5,nh_black,
17031980000,0,,,,low_city_pop
17031980100,18,,,,low_city_pop
