ward2023,period,ward2015,share_of_rpt_n
1,CY2019,1,0.7465
1,CY2019,2,0.2061
1,CY2019,32,0.0463
1,CY2019,27,0.0011
1,CY2019-2025,1,0.7733
1,CY2019-2025,2,0.1636
1,CY2019-2025,32,0.0627
1,CY2019-2025,27,0.0005
1,CY2020,1,0.6860
1,CY2020,2,0.1921
1,CY2020,32,0.1219
1,CY2020-2022,1,0.7731
1,CY2020-2022,2,0.1485
1,CY2020-2022,32,0.0785
1,CY2021,1,0.7888
1,CY2021,2,0.1531
1,CY2021,32,0.0581
1,CY2022,1,0.8067
1,CY2022,2,0.1252
1,CY2022,32,0.0680
1,CY2023,1,0.7917
1,CY2023,2,0.1552
1,CY2023,32,0.0530
1,CY2023-2025,1,0.7911
1,CY2023-2025,2,0.1464
1,CY2023-2025,32,0.0621
1,CY2023-2025,27,0.0004
1,YTD2019-08,1,0.7289
1,YTD2019-08,2,0.2240
1,YTD2019-08,32,0.0457
1,YTD2019-08,27,0.0013
1,YTD2020-08,1,0.6907
1,YTD2020-08,2,0.1881
1,YTD2020-08,32,0.1211
1,YTD2021-08,1,0.7989
1,YTD2021-08,2,0.1448
1,YTD2021-08,32,0.0563
1,YTD2022-08,1,0.8134
1,YTD2022-08,2,0.1241
1,YTD2022-08,32,0.0626
1,YTD2023-08,1,0.7839
1,YTD2023-08,2,0.1624
1,YTD2023-08,32,0.0537
2,CY2019,2,0.7794
2,CY2019,42,0.1296
2,CY2019,43,0.0460
2,CY2019,27,0.0450
2,CY2019-2025,2,0.7628
2,CY2019-2025,42,0.1661
2,CY2019-2025,27,0.0379
2,CY2019-2025,43,0.0332
2,CY2020,2,0.7260
2,CY2020,42,0.1712
2,CY2020,43,0.0719
2,CY2020,27,0.0308
2,CY2020-2022,2,0.7448
2,CY2020-2022,42,0.1812
2,CY2020-2022,27,0.0378
2,CY2020-2022,43,0.0362
2,CY2021,2,0.7288
2,CY2021,42,0.1797
2,CY2021,27,0.0556
2,CY2021,43,0.0359
2,CY2022,2,0.7597
2,CY2022,42,0.1860
2,CY2022,27,0.0329
2,CY2022,43,0.0215
2,CY2023,2,0.7039
2,CY2023,42,0.2312
2,CY2023,27,0.0467
2,CY2023,43,0.0183
2,CY2023-2025,2,0.7684
2,CY2023-2025,42,0.1763
2,CY2023-2025,27,0.0333
2,CY2023-2025,43,0.0220
2,YTD2019-08,2,0.7833
2,YTD2019-08,42,0.1416
2,YTD2019-08,27,0.0419
2,YTD2019-08,43,0.0333
2,YTD2020-08,2,0.7301
2,YTD2020-08,42,0.1681
2,YTD2020-08,43,0.0708
2,YTD2020-08,27,0.0310
2,YTD2021-08,2,0.7799
2,YTD2021-08,42,0.1435
2,YTD2021-08,43,0.0478
2,YTD2021-08,27,0.0287
2,YTD2022-08,2,0.7735
2,YTD2022-08,42,0.1695
2,YTD2022-08,27,0.0352
2,YTD2022-08,43,0.0218
2,YTD2023-08,2,0.7090
2,YTD2023-08,42,0.2189
2,YTD2023-08,27,0.0498
2,YTD2023-08,43,0.0224
3,CY2019,3,0.9827
3,CY2019,4,0.0104
3,CY2019,25,0.0069
3,CY2019-2025,3,0.9800
3,CY2019-2025,25,0.0118
3,CY2019-2025,4,0.0083
3,CY2020,3,0.9856
3,CY2020,4,0.0096
3,CY2020,25,0.0048
3,CY2020-2022,3,0.9831
3,CY2020-2022,25,0.0104
3,CY2020-2022,4,0.0065
3,CY2021,3,0.9821
3,CY2021,25,0.0134
3,CY2021,4,0.0045
3,CY2022,3,0.9822
3,CY2022,25,0.0119
3,CY2022,4,0.0059
3,CY2023,3,0.9808
3,CY2023,25,0.0128
3,CY2023,4,0.0064
3,CY2023-2025,3,0.9757
3,CY2023-2025,25,0.0158
3,CY2023-2025,4,0.0084
3,YTD2019-08,3,0.9791
3,YTD2019-08,4,0.0125
3,YTD2019-08,25,0.0084
3,YTD2020-08,3,0.9875
3,YTD2020-08,4,0.0063
3,YTD2020-08,25,0.0063
3,YTD2021-08,3,0.9825
3,YTD2021-08,25,0.0117
3,YTD2021-08,4,0.0058
3,YTD2022-08,3,0.9891
3,YTD2022-08,25,0.0109
3,YTD2023-08,3,0.9806
3,YTD2023-08,25,0.0155
3,YTD2023-08,4,0.0039
4,CY2019,4,0.9764
4,CY2019,42,0.0180
4,CY2019,3,0.0056
4,CY2019-2025,4,0.9755
4,CY2019-2025,42,0.0142
4,CY2019-2025,3,0.0103
4,CY2020,4,0.9893
4,CY2020,3,0.0071
4,CY2020,42,0.0036
4,CY2020-2022,4,0.9747
4,CY2020-2022,3,0.0157
4,CY2020-2022,42,0.0096
4,CY2021,4,0.9764
4,CY2021,3,0.0135
4,CY2021,42,0.0101
4,CY2022,4,0.9667
4,CY2022,3,0.0211
4,CY2022,42,0.0123
4,CY2023,4,0.9687
4,CY2023,42,0.0188
4,CY2023,3,0.0125
4,CY2023-2025,4,0.9756
4,CY2023-2025,42,0.0155
4,CY2023-2025,3,0.0089
4,YTD2019-08,4,0.9728
4,YTD2019-08,42,0.0217
4,YTD2019-08,3,0.0054
4,YTD2020-08,4,0.9858
4,YTD2020-08,3,0.0095
4,YTD2020-08,42,0.0047
4,YTD2021-08,4,0.9683
4,YTD2021-08,3,0.0181
4,YTD2021-08,42,0.0136
4,YTD2022-08,4,0.9626
4,YTD2022-08,3,0.0264
4,YTD2022-08,42,0.0110
4,YTD2023-08,4,0.9751
4,YTD2023-08,42,0.0139
4,YTD2023-08,3,0.0111
5,CY2019,5,0.9639
5,CY2019,20,0.0252
5,CY2019,4,0.0090
5,CY2019,8,0.0009
5,CY2019,6,0.0009
5,CY2019-2025,5,0.9473
5,CY2019-2025,20,0.0312
5,CY2019-2025,4,0.0204
5,CY2019-2025,8,0.0006
5,CY2019-2025,6,0.0004
5,CY2020,5,0.9519
5,CY2020,20,0.0256
5,CY2020,4,0.0192
5,CY2020,6,0.0032
5,CY2020-2022,5,0.9474
5,CY2020-2022,20,0.0302
5,CY2020-2022,4,0.0218
5,CY2020-2022,6,0.0006
5,CY2021,5,0.9661
5,CY2021,20,0.0169
5,CY2021,4,0.0169
5,CY2022,5,0.9415
5,CY2022,20,0.0347
5,CY2022,4,0.0237
5,CY2023,5,0.9395
5,CY2023,20,0.0408
5,CY2023,4,0.0180
5,CY2023,8,0.0016
5,CY2023-2025,5,0.9381
5,CY2023-2025,20,0.0354
5,CY2023-2025,4,0.0254
5,CY2023-2025,8,0.0010
5,YTD2019-08,5,0.9639
5,YTD2019-08,20,0.0233
5,YTD2019-08,4,0.0106
5,YTD2019-08,8,0.0011
5,YTD2019-08,6,0.0011
5,YTD2020-08,5,0.9512
5,YTD2020-08,20,0.0285
5,YTD2020-08,4,0.0163
5,YTD2020-08,6,0.0041
5,YTD2021-08,5,0.9689
5,YTD2021-08,4,0.0178
5,YTD2021-08,20,0.0133
5,YTD2022-08,5,0.9443
5,YTD2022-08,20,0.0338
5,YTD2022-08,4,0.0219
5,YTD2023-08,5,0.9403
5,YTD2023-08,20,0.0412
5,YTD2023-08,4,0.0185
6,CY2019,6,0.7149
6,CY2019,9,0.1203
6,CY2019,21,0.0913
6,CY2019,20,0.0490
6,CY2019,8,0.0223
6,CY2019,17,0.0022
6,CY2019-2025,6,0.7070
6,CY2019-2025,9,0.0965
6,CY2019-2025,21,0.0948
6,CY2019-2025,20,0.0667
6,CY2019-2025,8,0.0282
6,CY2019-2025,17,0.0068
6,CY2020,6,0.7247
6,CY2020,9,0.0994
6,CY2020,21,0.0822
6,CY2020,20,0.0746
6,CY2020,8,0.0134
6,CY2020,17,0.0057
6,CY2020-2022,6,0.7210
6,CY2020-2022,9,0.1018
6,CY2020-2022,20,0.0732
6,CY2020-2022,21,0.0688
6,CY2020-2022,8,0.0297
6,CY2020-2022,17,0.0055
6,CY2021,6,0.7456
6,CY2021,9,0.0900
6,CY2021,20,0.0705
6,CY2021,21,0.0489
6,CY2021,8,0.0391
6,CY2021,17,0.0059
6,CY2022,6,0.7024
6,CY2022,9,0.1111
6,CY2022,20,0.0741
6,CY2022,21,0.0728
6,CY2022,8,0.0345
6,CY2022,17,0.0051
6,CY2023,6,0.6905
6,CY2023,9,0.0933
6,CY2023,20,0.0853
6,CY2023,21,0.0794
6,CY2023,8,0.0357
6,CY2023,17,0.0159
6,CY2023-2025,6,0.6830
6,CY2023-2025,21,0.1291
6,CY2023-2025,20,0.0748
6,CY2023-2025,9,0.0688
6,CY2023-2025,8,0.0318
6,CY2023-2025,17,0.0126
6,YTD2019-08,6,0.6915
6,YTD2019-08,9,0.1214
6,YTD2019-08,21,0.1104
6,YTD2019-08,20,0.0498
6,YTD2019-08,8,0.0239
6,YTD2019-08,17,0.0030
6,YTD2020-08,6,0.7083
6,YTD2020-08,9,0.1118
6,YTD2020-08,21,0.0921
6,YTD2020-08,20,0.0702
6,YTD2020-08,8,0.0132
6,YTD2020-08,17,0.0044
6,YTD2021-08,6,0.7190
6,YTD2021-08,9,0.1074
6,YTD2021-08,20,0.0771
6,YTD2021-08,21,0.0496
6,YTD2021-08,8,0.0413
6,YTD2021-08,17,0.0055
6,YTD2022-08,6,0.7020
6,YTD2022-08,9,0.1163
6,YTD2022-08,21,0.0741
6,YTD2022-08,20,0.0698
6,YTD2022-08,8,0.0320
6,YTD2022-08,17,0.0058
6,YTD2023-08,6,0.7285
6,YTD2023-08,21,0.0860
6,YTD2023-08,9,0.0860
6,YTD2023-08,20,0.0457
6,YTD2023-08,8,0.0376
6,YTD2023-08,17,0.0161
7,CY2019,7,0.8252
7,CY2019,10,0.1282
7,CY2019,8,0.0396
7,CY2019,5,0.0070
7,CY2019-2025,7,0.8515
7,CY2019-2025,10,0.0928
7,CY2019-2025,8,0.0477
7,CY2019-2025,5,0.0080
7,CY2020,7,0.7625
7,CY2020,10,0.1675
7,CY2020,8,0.0625
7,CY2020,5,0.0075
7,CY2020-2022,7,0.8528
7,CY2020-2022,10,0.0955
7,CY2020-2022,8,0.0458
7,CY2020-2022,5,0.0059
7,CY2021,7,0.8199
7,CY2021,10,0.1210
7,CY2021,8,0.0591
7,CY2022,7,0.9168
7,CY2022,10,0.0449
7,CY2022,8,0.0304
7,CY2022,5,0.0079
7,CY2023,7,0.8643
7,CY2023,10,0.0693
7,CY2023,8,0.0471
7,CY2023,5,0.0194
7,CY2023-2025,7,0.8663
7,CY2023-2025,10,0.0679
7,CY2023-2025,8,0.0549
7,CY2023-2025,5,0.0108
7,YTD2019-08,7,0.8457
7,YTD2019-08,10,0.1065
7,YTD2019-08,8,0.0432
7,YTD2019-08,5,0.0046
7,YTD2020-08,7,0.7611
7,YTD2020-08,10,0.1694
7,YTD2020-08,8,0.0639
7,YTD2020-08,5,0.0056
7,YTD2021-08,7,0.8301
7,YTD2021-08,10,0.1307
7,YTD2021-08,8,0.0392
7,YTD2022-08,7,0.9144
7,YTD2022-08,10,0.0471
7,YTD2022-08,8,0.0300
7,YTD2022-08,5,0.0086
7,YTD2023-08,7,0.8746
7,YTD2023-08,10,0.0681
7,YTD2023-08,8,0.0466
7,YTD2023-08,5,0.0108
8,CY2019,8,0.9132
8,CY2019,9,0.0662
8,CY2019,6,0.0111
8,CY2019,5,0.0079
8,CY2019,7,0.0016
8,CY2019-2025,8,0.8994
8,CY2019-2025,9,0.0616
8,CY2019-2025,5,0.0212
8,CY2019-2025,6,0.0118
8,CY2019-2025,7,0.0061
8,CY2020,8,0.8900
8,CY2020,9,0.0454
8,CY2020,6,0.0371
8,CY2020,5,0.0206
8,CY2020,7,0.0069
8,CY2020-2022,8,0.9025
8,CY2020-2022,9,0.0500
8,CY2020-2022,5,0.0229
8,CY2020-2022,6,0.0165
8,CY2020-2022,7,0.0081
8,CY2021,8,0.9069
8,CY2021,9,0.0572
8,CY2021,6,0.0146
8,CY2021,5,0.0133
8,CY2021,7,0.0080
8,CY2022,8,0.9068
8,CY2022,9,0.0484
8,CY2022,5,0.0293
8,CY2022,7,0.0088
8,CY2022,6,0.0066
8,CY2023,8,0.8935
8,CY2023,9,0.0509
8,CY2023,5,0.0340
8,CY2023,6,0.0170
8,CY2023,7,0.0046
8,CY2023-2025,8,0.8832
8,CY2023-2025,9,0.0728
8,CY2023-2025,5,0.0306
8,CY2023-2025,7,0.0074
8,CY2023-2025,6,0.0060
8,YTD2019-08,8,0.9049
8,YTD2019-08,9,0.0731
8,YTD2019-08,6,0.0126
8,YTD2019-08,5,0.0086
8,YTD2019-08,7,0.0007
8,YTD2020-08,8,0.8968
8,YTD2020-08,6,0.0399
8,YTD2020-08,9,0.0366
8,YTD2020-08,5,0.0216
8,YTD2020-08,7,0.0050
8,YTD2021-08,8,0.9110
8,YTD2021-08,9,0.0558
8,YTD2021-08,5,0.0122
8,YTD2021-08,6,0.0105
8,YTD2021-08,7,0.0105
8,YTD2022-08,8,0.9130
8,YTD2022-08,9,0.0482
8,YTD2022-08,5,0.0237
8,YTD2022-08,7,0.0079
8,YTD2022-08,6,0.0071
8,YTD2023-08,8,0.8880
8,YTD2023-08,9,0.0502
8,YTD2023-08,5,0.0367
8,YTD2023-08,6,0.0193
8,YTD2023-08,7,0.0058
9,CY2019,9,0.6345
9,CY2019,34,0.1872
9,CY2019,21,0.1776
9,CY2019,10,0.0006
9,CY2019-2025,9,0.6357
9,CY2019-2025,21,0.1965
9,CY2019-2025,34,0.1676
9,CY2019-2025,10,0.0002
9,CY2020,9,0.7013
9,CY2020,34,0.1521
9,CY2020,21,0.1466
9,CY2020-2022,9,0.6386
9,CY2020-2022,21,0.2102
9,CY2020-2022,34,0.1512
9,CY2021,9,0.5016
9,CY2021,21,0.3375
9,CY2021,34,0.1609
9,CY2022,9,0.6957
9,CY2022,21,0.1602
9,CY2022,34,0.1441
9,CY2023,9,0.6121
9,CY2023,21,0.2138
9,CY2023,34,0.1741
9,CY2023-2025,9,0.6334
9,CY2023-2025,21,0.1970
9,CY2023-2025,34,0.1696
9,YTD2019-08,9,0.6237
9,YTD2019-08,21,0.1915
9,YTD2019-08,34,0.1839
9,YTD2019-08,10,0.0008
9,YTD2020-08,9,0.6920
9,YTD2020-08,34,0.1540
9,YTD2020-08,21,0.1540
9,YTD2021-08,9,0.4793
9,YTD2021-08,21,0.3787
9,YTD2021-08,34,0.1420
9,YTD2022-08,9,0.7062
9,YTD2022-08,21,0.1579
9,YTD2022-08,34,0.1359
9,YTD2023-08,9,0.6441
9,YTD2023-08,34,0.1847
9,YTD2023-08,21,0.1712
10,CY2019,10,0.8944
10,CY2019,9,0.1029
10,CY2019,7,0.0027
10,CY2019-2025,10,0.9193
10,CY2019-2025,9,0.0782
10,CY2019-2025,7,0.0026
10,CY2020,10,0.9252
10,CY2020,9,0.0724
10,CY2020,7,0.0024
10,CY2020-2022,10,0.9232
10,CY2020-2022,9,0.0758
10,CY2020-2022,7,0.0010
10,CY2021,10,0.9394
10,CY2021,9,0.0606
10,CY2022,10,0.9111
10,CY2022,9,0.0881
10,CY2022,7,0.0008
10,CY2023,10,0.9302
10,CY2023,9,0.0624
10,CY2023,7,0.0074
10,CY2023-2025,10,0.9353
10,CY2023-2025,9,0.0601
10,CY2023-2025,7,0.0046
10,YTD2019-08,10,0.9342
10,YTD2019-08,9,0.0637
10,YTD2019-08,7,0.0021
10,YTD2020-08,10,0.9316
10,YTD2020-08,9,0.0655
10,YTD2020-08,7,0.0028
10,YTD2021-08,10,0.9534
10,YTD2021-08,9,0.0466
10,YTD2022-08,10,0.9084
10,YTD2022-08,9,0.0907
10,YTD2022-08,7,0.0009
10,YTD2023-08,10,0.9520
10,YTD2023-08,9,0.0384
10,YTD2023-08,7,0.0096
11,CY2019,11,0.6390
11,CY2019,25,0.2905
11,CY2019,12,0.0705
11,CY2019-2025,11,0.7474
11,CY2019-2025,25,0.1776
11,CY2019-2025,12,0.0750
11,CY2020,11,0.7679
11,CY2020,25,0.1180
11,CY2020,12,0.1141
11,CY2020-2022,11,0.7770
11,CY2020-2022,25,0.1450
11,CY2020-2022,12,0.0779
11,CY2021,11,0.7920
11,CY2021,25,0.1513
11,CY2021,12,0.0567
11,CY2022,11,0.7748
11,CY2022,25,0.1608
11,CY2022,12,0.0643
11,CY2023,11,0.7804
11,CY2023,25,0.1475
11,CY2023,12,0.0720
11,CY2023-2025,11,0.7867
11,CY2023-2025,25,0.1383
11,CY2023-2025,12,0.0750
11,YTD2019-08,11,0.6222
11,YTD2019-08,25,0.3147
11,YTD2019-08,12,0.0632
11,YTD2020-08,11,0.7506
11,YTD2020-08,25,0.1305
11,YTD2020-08,12,0.1189
11,YTD2021-08,11,0.7778
11,YTD2021-08,25,0.1736
11,YTD2021-08,12,0.0486
11,YTD2022-08,11,0.7731
11,YTD2022-08,25,0.1686
11,YTD2022-08,12,0.0583
11,YTD2023-08,11,0.7945
11,YTD2023-08,25,0.1356
11,YTD2023-08,12,0.0699
12,CY2019,12,0.6058
12,CY2019,25,0.1882
12,CY2019,15,0.1373
12,CY2019,14,0.0646
12,CY2019,22,0.0040
12,CY2019-2025,12,0.5398
12,CY2019-2025,25,0.2180
12,CY2019-2025,15,0.1762
12,CY2019-2025,14,0.0628
12,CY2019-2025,22,0.0031
12,CY2020,12,0.5128
12,CY2020,15,0.2460
12,CY2020,25,0.1661
12,CY2020,14,0.0719
12,CY2020,22,0.0032
12,CY2020-2022,12,0.4808
12,CY2020-2022,25,0.2515
12,CY2020-2022,15,0.2000
12,CY2020-2022,14,0.0649
12,CY2020-2022,22,0.0029
12,CY2021,12,0.4926
12,CY2021,15,0.2426
12,CY2021,25,0.2224
12,CY2021,14,0.0404
12,CY2021,22,0.0018
12,CY2022,12,0.4590
12,CY2022,25,0.3082
12,CY2022,15,0.1574
12,CY2022,14,0.0721
12,CY2022,22,0.0033
12,CY2023,12,0.5536
12,CY2023,15,0.2097
12,CY2023,25,0.1637
12,CY2023,14,0.0707
12,CY2023,22,0.0024
12,CY2023-2025,12,0.5636
12,CY2023-2025,25,0.2008
12,CY2023-2025,15,0.1728
12,CY2023-2025,14,0.0600
12,CY2023-2025,22,0.0028
12,YTD2019-08,12,0.6019
12,YTD2019-08,25,0.1974
12,YTD2019-08,15,0.1334
12,YTD2019-08,14,0.0630
12,YTD2019-08,22,0.0043
12,YTD2020-08,12,0.5031
12,YTD2020-08,15,0.2422
12,YTD2020-08,25,0.1698
12,YTD2020-08,14,0.0807
12,YTD2020-08,22,0.0041
12,YTD2021-08,12,0.4828
12,YTD2021-08,15,0.2391
12,YTD2021-08,25,0.2322
12,YTD2021-08,14,0.0437
12,YTD2021-08,22,0.0023
12,YTD2022-08,12,0.4524
12,YTD2022-08,25,0.3160
12,YTD2022-08,15,0.1607
12,YTD2022-08,14,0.0682
12,YTD2022-08,22,0.0027
12,YTD2023-08,12,0.5311
12,YTD2023-08,15,0.2291
12,YTD2023-08,25,0.1578
12,YTD2023-08,14,0.0804
12,YTD2023-08,22,0.0015
13,CY2019,13,0.6786
13,CY2019,23,0.3214
13,CY2019-2025,13,0.6947
13,CY2019-2025,23,0.3053
13,CY2020,13,0.7684
13,CY2020,23,0.2316
13,CY2020-2022,13,0.7143
13,CY2020-2022,23,0.2857
13,CY2021,13,0.6628
13,CY2021,23,0.3372
13,CY2022,13,0.7027
13,CY2022,23,0.2973
13,CY2023,13,0.6603
13,CY2023,23,0.3397
13,CY2023-2025,13,0.6878
13,CY2023-2025,23,0.3122
13,YTD2019-08,13,0.6758
13,YTD2019-08,23,0.3242
13,YTD2020-08,13,0.7481
13,YTD2020-08,23,0.2519
13,YTD2021-08,13,0.6679
13,YTD2021-08,23,0.3321
13,YTD2022-08,13,0.6895
13,YTD2022-08,23,0.3105
13,YTD2023-08,13,0.6597
13,YTD2023-08,23,0.3403
14,CY2019,14,0.6440
14,CY2019,23,0.2605
14,CY2019,17,0.0481
14,CY2019,16,0.0474
14,CY2019-2025,14,0.7006
14,CY2019-2025,23,0.2269
14,CY2019-2025,17,0.0370
14,CY2019-2025,16,0.0354
14,CY2020,14,0.6866
14,CY2020,23,0.2289
14,CY2020,17,0.0458
14,CY2020,16,0.0387
14,CY2020-2022,14,0.7003
14,CY2020-2022,23,0.2287
14,CY2020-2022,16,0.0397
14,CY2020-2022,17,0.0313
14,CY2021,14,0.7533
14,CY2021,23,0.1950
14,CY2021,16,0.0268
14,CY2021,17,0.0249
14,CY2022,14,0.6847
14,CY2022,23,0.2424
14,CY2022,16,0.0455
14,CY2022,17,0.0275
14,CY2023,14,0.7146
14,CY2023,23,0.2042
14,CY2023,17,0.0472
14,CY2023,16,0.0340
14,CY2023-2025,14,0.7286
14,CY2023-2025,23,0.2089
14,CY2023-2025,17,0.0369
14,CY2023-2025,16,0.0256
14,YTD2019-08,14,0.6864
14,YTD2019-08,23,0.2281
14,YTD2019-08,16,0.0444
14,YTD2019-08,17,0.0412
14,YTD2020-08,14,0.6429
14,YTD2020-08,23,0.2662
14,YTD2020-08,17,0.0519
14,YTD2020-08,16,0.0390
14,YTD2021-08,14,0.7578
14,YTD2021-08,23,0.1875
14,YTD2021-08,16,0.0365
14,YTD2021-08,17,0.0182
14,YTD2022-08,14,0.6929
14,YTD2022-08,23,0.2354
14,YTD2022-08,16,0.0504
14,YTD2022-08,17,0.0212
14,YTD2023-08,14,0.6981
14,YTD2023-08,23,0.2111
14,YTD2023-08,17,0.0539
14,YTD2023-08,16,0.0368
15,CY2019,15,0.6321
15,CY2019,16,0.1865
15,CY2019,17,0.1018
15,CY2019,11,0.0595
15,CY2019,14,0.0161
15,CY2019,20,0.0040
15,CY2019-2025,15,0.5359
15,CY2019-2025,16,0.3016
15,CY2019-2025,17,0.0754
15,CY2019-2025,11,0.0525
15,CY2019-2025,14,0.0318
15,CY2019-2025,20,0.0028
15,CY2020,15,0.6867
15,CY2020,16,0.1667
15,CY2020,17,0.0917
15,CY2020,11,0.0350
15,CY2020,14,0.0167
15,CY2020,20,0.0033
15,CY2020-2022,15,0.4876
15,CY2020-2022,16,0.3921
15,CY2020-2022,17,0.0572
15,CY2020-2022,11,0.0383
15,CY2020-2022,14,0.0234
15,CY2020-2022,20,0.0014
15,CY2021,15,0.6574
15,CY2021,16,0.2060
15,CY2021,11,0.0556
15,CY2021,17,0.0486
15,CY2021,14,0.0324
15,CY2022,16,0.5075
15,CY2022,15,0.3844
15,CY2022,17,0.0482
15,CY2022,11,0.0353
15,CY2022,14,0.0236
15,CY2022,20,0.0011
15,CY2023,15,0.5425
15,CY2023,16,0.2242
15,CY2023,17,0.1085
15,CY2023,11,0.0759
15,CY2023,14,0.0416
15,CY2023,20,0.0072
15,CY2023-2025,15,0.5618
15,CY2023-2025,16,0.2159
15,CY2023-2025,17,0.0906
15,CY2023-2025,11,0.0722
15,CY2023-2025,14,0.0548
15,CY2023-2025,20,0.0046
15,YTD2019-08,15,0.6200
15,YTD2019-08,16,0.2018
15,YTD2019-08,17,0.0913
15,YTD2019-08,11,0.0633
15,YTD2019-08,14,0.0177
15,YTD2019-08,20,0.0059
15,YTD2020-08,15,0.7143
15,YTD2020-08,16,0.1560
15,YTD2020-08,17,0.0902
15,YTD2020-08,11,0.0263
15,YTD2020-08,14,0.0132
15,YTD2021-08,15,0.6837
15,YTD2021-08,16,0.1871
15,YTD2021-08,11,0.0510
15,YTD2021-08,17,0.0476
15,YTD2021-08,14,0.0306
15,YTD2022-08,16,0.5283
15,YTD2022-08,15,0.3804
15,YTD2022-08,17,0.0360
15,YTD2022-08,11,0.0326
15,YTD2022-08,14,0.0217
15,YTD2022-08,20,0.0011
15,YTD2023-08,15,0.5279
15,YTD2023-08,16,0.2395
15,YTD2023-08,17,0.1023
15,YTD2023-08,11,0.0860
15,YTD2023-08,14,0.0349
15,YTD2023-08,20,0.0093
16,CY2019,16,0.6937
16,CY2019,17,0.1281
16,CY2019,20,0.0796
16,CY2019,15,0.0591
16,CY2019,6,0.0371
16,CY2019,3,0.0023
16,CY2019-2025,16,0.6396
16,CY2019-2025,17,0.1328
16,CY2019-2025,20,0.1173
16,CY2019-2025,15,0.0704
16,CY2019-2025,6,0.0373
16,CY2019-2025,3,0.0026
16,CY2020,16,0.6033
16,CY2020,20,0.1405
16,CY2020,17,0.1174
16,CY2020,15,0.0909
16,CY2020,6,0.0380
16,CY2020,3,0.0099
16,CY2020-2022,16,0.6052
16,CY2020-2022,17,0.1410
16,CY2020-2022,20,0.1210
16,CY2020-2022,15,0.0878
16,CY2020-2022,6,0.0415
16,CY2020-2022,3,0.0034
16,CY2021,16,0.6552
16,CY2021,17,0.1456
16,CY2021,20,0.0857
16,CY2021,15,0.0664
16,CY2021,6,0.0471
16,CY2022,16,0.5824
16,CY2022,17,0.1535
16,CY2022,20,0.1259
16,CY2022,15,0.0962
16,CY2022,6,0.0409
16,CY2022,3,0.0010
16,CY2023,16,0.6648
16,CY2023,17,0.1238
16,CY2023,20,0.0987
16,CY2023,6,0.0612
16,CY2023,15,0.0501
16,CY2023,3,0.0014
16,CY2023-2025,16,0.6391
16,CY2023-2025,20,0.1386
16,CY2023-2025,17,0.1274
16,CY2023-2025,15,0.0596
16,CY2023-2025,6,0.0331
16,CY2023-2025,3,0.0020
16,YTD2019-08,16,0.6847
16,YTD2019-08,17,0.1496
16,YTD2019-08,20,0.0653
16,YTD2019-08,15,0.0643
16,YTD2019-08,6,0.0341
16,YTD2019-08,3,0.0020
16,YTD2020-08,16,0.6235
16,YTD2020-08,20,0.1394
16,YTD2020-08,17,0.1076
16,YTD2020-08,15,0.0956
16,YTD2020-08,6,0.0259
16,YTD2020-08,3,0.0080
16,YTD2021-08,16,0.6258
16,YTD2021-08,17,0.1503
16,YTD2021-08,20,0.1012
16,YTD2021-08,6,0.0613
16,YTD2021-08,15,0.0613
16,YTD2022-08,16,0.5838
16,YTD2022-08,17,0.1496
16,YTD2022-08,20,0.1260
16,YTD2022-08,15,0.1024
16,YTD2022-08,6,0.0371
16,YTD2022-08,3,0.0011
16,YTD2023-08,16,0.6661
16,YTD2023-08,17,0.1298
16,YTD2023-08,20,0.1046
16,YTD2023-08,15,0.0540
16,YTD2023-08,6,0.0455
17,CY2019,17,0.5980
17,CY2019,21,0.3068
17,CY2019,6,0.0738
17,CY2019,18,0.0123
17,CY2019,16,0.0090
17,CY2019-2025,17,0.5850
17,CY2019-2025,21,0.3096
17,CY2019-2025,6,0.0699
17,CY2019-2025,18,0.0257
17,CY2019-2025,16,0.0098
17,CY2020,17,0.6467
17,CY2020,21,0.2467
17,CY2020,6,0.0822
17,CY2020,18,0.0222
17,CY2020,16,0.0022
17,CY2020-2022,17,0.5672
17,CY2020-2022,21,0.3370
17,CY2020-2022,6,0.0695
17,CY2020-2022,18,0.0179
17,CY2020-2022,16,0.0084
17,CY2021,17,0.5604
17,CY2021,21,0.3654
17,CY2021,6,0.0524
17,CY2021,18,0.0131
17,CY2021,16,0.0087
17,CY2022,17,0.5319
17,CY2022,21,0.3610
17,CY2022,6,0.0763
17,CY2022,18,0.0194
17,CY2022,16,0.0114
17,CY2023,17,0.5778
17,CY2023,21,0.2942
17,CY2023,6,0.0832
17,CY2023,18,0.0341
17,CY2023,16,0.0107
17,CY2023-2025,17,0.5997
17,CY2023-2025,21,0.2715
17,CY2023-2025,6,0.0670
17,CY2023-2025,18,0.0493
17,CY2023-2025,16,0.0125
17,YTD2019-08,17,0.5899
17,YTD2019-08,21,0.3248
17,YTD2019-08,6,0.0658
17,YTD2019-08,16,0.0113
17,YTD2019-08,18,0.0082
17,YTD2020-08,17,0.6545
17,YTD2020-08,21,0.2338
17,YTD2020-08,6,0.0831
17,YTD2020-08,18,0.0260
17,YTD2020-08,16,0.0026
17,YTD2021-08,17,0.5305
17,YTD2021-08,21,0.4104
17,YTD2021-08,6,0.0412
17,YTD2021-08,16,0.0090
17,YTD2021-08,18,0.0090
17,YTD2022-08,17,0.5219
17,YTD2022-08,21,0.3673
17,YTD2022-08,6,0.0786
17,YTD2022-08,18,0.0219
17,YTD2022-08,16,0.0103
17,YTD2023-08,17,0.5534
17,YTD2023-08,21,0.3068
17,YTD2023-08,6,0.0904
17,YTD2023-08,18,0.0384
17,YTD2023-08,16,0.0110
18,CY2019,18,0.9308
18,CY2019,21,0.0692
18,CY2019-2025,18,0.9448
18,CY2019-2025,21,0.0552
18,CY2019-2025,17,0.0001
18,CY2020,18,0.9739
18,CY2020,21,0.0254
18,CY2020,17,0.0007
18,CY2020-2022,18,0.9491
18,CY2020-2022,21,0.0507
18,CY2020-2022,17,0.0002
18,CY2021,18,0.9327
18,CY2021,21,0.0673
18,CY2022,18,0.9409
18,CY2022,21,0.0591
18,CY2023,18,0.9456
18,CY2023,21,0.0544
18,CY2023-2025,18,0.9466
18,CY2023-2025,21,0.0534
18,YTD2019-08,18,0.9175
18,YTD2019-08,21,0.0825
18,YTD2020-08,18,0.9714
18,YTD2020-08,21,0.0277
18,YTD2020-08,17,0.0009
18,YTD2021-08,18,0.9242
18,YTD2021-08,21,0.0758
18,YTD2022-08,18,0.9466
18,YTD2022-08,21,0.0534
18,YTD2023-08,18,0.9604
18,YTD2023-08,21,0.0396
19,CY2019,19,0.9598
19,CY2019,34,0.0381
19,CY2019,21,0.0021
19,CY2019-2025,19,0.9606
19,CY2019-2025,34,0.0351
19,CY2019-2025,21,0.0043
19,CY2020,19,0.9557
19,CY2020,34,0.0432
19,CY2020,21,0.0011
19,CY2020-2022,19,0.9622
19,CY2020-2022,34,0.0359
19,CY2020-2022,21,0.0019
19,CY2021,19,0.9719
19,CY2021,34,0.0262
19,CY2021,21,0.0019
19,CY2022,19,0.9597
19,CY2022,34,0.0379
19,CY2022,21,0.0023
19,CY2023,19,0.9685
19,CY2023,34,0.0280
19,CY2023,21,0.0035
19,CY2023-2025,19,0.9591
19,CY2023-2025,34,0.0312
19,CY2023-2025,21,0.0097
19,YTD2019-08,19,0.9637
19,YTD2019-08,34,0.0338
19,YTD2019-08,21,0.0025
19,YTD2020-08,19,0.9580
19,YTD2020-08,34,0.0408
19,YTD2020-08,21,0.0012
19,YTD2021-08,19,0.9730
19,YTD2021-08,34,0.0244
19,YTD2021-08,21,0.0026
19,YTD2022-08,19,0.9605
19,YTD2022-08,34,0.0370
19,YTD2022-08,21,0.0025
19,YTD2023-08,19,0.9684
19,YTD2023-08,34,0.0274
19,YTD2023-08,21,0.0041
20,CY2019,20,0.7044
20,CY2019,3,0.1586
20,CY2019,5,0.0798
20,CY2019,4,0.0542
20,CY2019,16,0.0030
20,CY2019-2025,20,0.6972
20,CY2019-2025,3,0.2050
20,CY2019-2025,5,0.0545
20,CY2019-2025,4,0.0405
20,CY2019-2025,16,0.0028
20,CY2020,20,0.6943
20,CY2020,3,0.2024
20,CY2020,5,0.0506
20,CY2020,4,0.0445
20,CY2020,16,0.0081
20,CY2020-2022,20,0.6886
20,CY2020-2022,3,0.2213
20,CY2020-2022,5,0.0464
20,CY2020-2022,4,0.0410
20,CY2020-2022,16,0.0027
20,CY2021,20,0.6673
20,CY2021,3,0.2505
20,CY2021,5,0.0401
20,CY2021,4,0.0401
20,CY2021,16,0.0020
20,CY2022,20,0.6977
20,CY2022,3,0.2151
20,CY2022,5,0.0477
20,CY2022,4,0.0395
20,CY2023,20,0.6685
20,CY2023,3,0.2556
20,CY2023,5,0.0492
20,CY2023,4,0.0211
20,CY2023,16,0.0056
20,CY2023-2025,20,0.7019
20,CY2023-2025,3,0.2142
20,CY2023-2025,5,0.0488
20,CY2023-2025,4,0.0323
20,CY2023-2025,16,0.0027
20,YTD2019-08,20,0.6908
20,YTD2019-08,3,0.1767
20,YTD2019-08,5,0.0750
20,YTD2019-08,4,0.0535
20,YTD2019-08,16,0.0040
20,YTD2020-08,20,0.7098
20,YTD2020-08,3,0.1839
20,YTD2020-08,5,0.0492
20,YTD2020-08,4,0.0466
20,YTD2020-08,16,0.0104
20,YTD2021-08,20,0.6780
20,YTD2021-08,3,0.2277
20,YTD2021-08,4,0.0471
20,YTD2021-08,5,0.0445
20,YTD2021-08,16,0.0026
20,YTD2022-08,20,0.6900
20,YTD2022-08,3,0.2190
20,YTD2022-08,5,0.0515
20,YTD2022-08,4,0.0396
20,YTD2023-08,20,0.6475
20,YTD2023-08,3,0.2792
20,YTD2023-08,5,0.0419
20,YTD2023-08,4,0.0262
20,YTD2023-08,16,0.0052
21,CY2019,34,0.6486
21,CY2019,21,0.3514
21,CY2019-2025,34,0.6601
21,CY2019-2025,21,0.3399
21,CY2020,34,0.7646
21,CY2020,21,0.2354
21,CY2020-2022,34,0.6604
21,CY2020-2022,21,0.3396
21,CY2021,34,0.6151
21,CY2021,21,0.3849
21,CY2022,34,0.6402
21,CY2022,21,0.3598
21,CY2023,34,0.7209
21,CY2023,21,0.2791
21,CY2023-2025,34,0.6725
21,CY2023-2025,21,0.3275
21,YTD2019-08,34,0.6481
21,YTD2019-08,21,0.3519
21,YTD2020-08,34,0.7636
21,YTD2020-08,21,0.2364
21,YTD2021-08,34,0.5914
21,YTD2021-08,21,0.4086
21,YTD2022-08,34,0.6451
21,YTD2022-08,21,0.3549
21,YTD2023-08,34,0.7226
21,YTD2023-08,21,0.2774
22,CY2019,22,0.9639
22,CY2019,24,0.0189
22,CY2019,14,0.0139
22,CY2019,12,0.0033
22,CY2019-2025,22,0.9592
22,CY2019-2025,24,0.0204
22,CY2019-2025,14,0.0149
22,CY2019-2025,12,0.0055
22,CY2020,22,0.9312
22,CY2020,14,0.0417
22,CY2020,24,0.0236
22,CY2020,12,0.0036
22,CY2020-2022,22,0.9534
22,CY2020-2022,14,0.0222
22,CY2020-2022,24,0.0180
22,CY2020-2022,12,0.0063
22,CY2021,22,0.9444
22,CY2021,24,0.0257
22,CY2021,14,0.0190
22,CY2021,12,0.0108
22,CY2022,22,0.9707
22,CY2022,14,0.0146
22,CY2022,24,0.0101
22,CY2022,12,0.0046
22,CY2023,22,0.9770
22,CY2023,12,0.0129
22,CY2023,24,0.0057
22,CY2023,14,0.0043
22,CY2023-2025,22,0.9626
22,CY2023-2025,24,0.0254
22,CY2023-2025,12,0.0066
22,CY2023-2025,14,0.0054
22,YTD2019-08,22,0.9612
22,YTD2019-08,24,0.0184
22,YTD2019-08,14,0.0170
22,YTD2019-08,12,0.0034
22,YTD2020-08,22,0.9310
22,YTD2020-08,14,0.0345
22,YTD2020-08,24,0.0296
22,YTD2020-08,12,0.0049
22,YTD2021-08,22,0.9442
22,YTD2021-08,24,0.0287
22,YTD2021-08,14,0.0144
22,YTD2021-08,12,0.0128
22,YTD2022-08,22,0.9653
22,YTD2022-08,14,0.0185
22,YTD2022-08,24,0.0127
22,YTD2022-08,12,0.0035
22,YTD2023-08,22,0.9736
22,YTD2023-08,12,0.0158
22,YTD2023-08,14,0.0053
22,YTD2023-08,24,0.0053
23,CY2019,23,0.4771
23,CY2019,13,0.3731
23,CY2019,14,0.1117
23,CY2019,22,0.0380
23,CY2019-2025,23,0.5265
23,CY2019-2025,13,0.3266
23,CY2019-2025,14,0.1250
23,CY2019-2025,22,0.0217
23,CY2019-2025,18,0.0003
23,CY2020,23,0.4490
23,CY2020,13,0.4115
23,CY2020,14,0.1302
23,CY2020,22,0.0083
23,CY2020,18,0.0010
23,CY2020-2022,23,0.5055
23,CY2020-2022,13,0.3538
23,CY2020-2022,14,0.1254
23,CY2020-2022,22,0.0150
23,CY2020-2022,18,0.0004
23,CY2021,23,0.4676
23,CY2021,13,0.3827
23,CY2021,14,0.1281
23,CY2021,22,0.0216
23,CY2022,23,0.5800
23,CY2022,13,0.2840
23,CY2022,14,0.1193
23,CY2022,22,0.0167
23,CY2023,23,0.5900
23,CY2023,13,0.2507
23,CY2023,14,0.1454
23,CY2023,22,0.0139
23,CY2023-2025,23,0.5882
23,CY2023-2025,13,0.2594
23,CY2023-2025,14,0.1343
23,CY2023-2025,22,0.0176
23,CY2023-2025,18,0.0004
23,YTD2019-08,23,0.4767
23,YTD2019-08,13,0.3692
23,YTD2019-08,14,0.1220
23,YTD2019-08,22,0.0320
23,YTD2020-08,23,0.5062
23,YTD2020-08,13,0.3384
23,YTD2020-08,14,0.1429
23,YTD2020-08,22,0.0111
23,YTD2020-08,18,0.0014
23,YTD2021-08,23,0.4429
23,YTD2021-08,13,0.3796
23,YTD2021-08,14,0.1490
23,YTD2021-08,22,0.0286
23,YTD2022-08,23,0.5835
23,YTD2022-08,13,0.2727
23,YTD2022-08,14,0.1247
23,YTD2022-08,22,0.0190
23,YTD2023-08,23,0.6102
23,YTD2023-08,13,0.2275
23,YTD2023-08,14,0.1499
23,YTD2023-08,22,0.0123
24,CY2019,24,0.9260
24,CY2019,12,0.0681
24,CY2019,29,0.0060
24,CY2019-2025,24,0.9212
24,CY2019-2025,12,0.0689
24,CY2019-2025,29,0.0099
24,CY2020,24,0.9330
24,CY2020,12,0.0651
24,CY2020,29,0.0019
24,CY2020-2022,24,0.9197
24,CY2020-2022,12,0.0723
24,CY2020-2022,29,0.0080
24,CY2021,24,0.9443
24,CY2021,12,0.0518
24,CY2021,29,0.0038
24,CY2022,24,0.8914
24,CY2022,12,0.0929
24,CY2022,29,0.0157
24,CY2023,24,0.9187
24,CY2023,12,0.0665
24,CY2023,29,0.0148
24,CY2023-2025,24,0.9186
24,CY2023-2025,12,0.0658
24,CY2023-2025,29,0.0156
24,YTD2019-08,24,0.9239
24,YTD2019-08,12,0.0704
24,YTD2019-08,29,0.0056
24,YTD2020-08,24,0.9409
24,YTD2020-08,12,0.0591
24,YTD2021-08,24,0.9558
24,YTD2021-08,12,0.0387
24,YTD2021-08,29,0.0055
24,YTD2022-08,24,0.8791
24,YTD2022-08,12,0.1026
24,YTD2022-08,29,0.0182
24,YTD2023-08,24,0.9353
24,YTD2023-08,12,0.0462
24,YTD2023-08,29,0.0185
25,CY2019,25,0.5776
25,CY2019,12,0.1807
25,CY2019,11,0.1772
25,CY2019,24,0.0645
25,CY2019-2025,25,0.5874
25,CY2019-2025,12,0.2039
25,CY2019-2025,11,0.1526
25,CY2019-2025,24,0.0560
25,CY2020,25,0.5943
25,CY2020,12,0.2047
25,CY2020,11,0.1221
25,CY2020,24,0.0790
25,CY2020-2022,25,0.6153
25,CY2020-2022,12,0.2069
25,CY2020-2022,11,0.1197
25,CY2020-2022,24,0.0581
25,CY2021,25,0.6931
25,CY2021,12,0.1842
25,CY2021,11,0.0808
25,CY2021,24,0.0420
25,CY2022,25,0.5821
25,CY2022,12,0.2208
25,CY2022,11,0.1405
25,CY2022,24,0.0566
25,CY2023,25,0.5209
25,CY2023,12,0.2454
25,CY2023,11,0.1736
25,CY2023,24,0.0601
25,CY2023-2025,25,0.5598
25,CY2023-2025,12,0.2237
25,CY2023-2025,11,0.1719
25,CY2023-2025,24,0.0446
25,YTD2019-08,25,0.5837
25,YTD2019-08,12,0.1933
25,YTD2019-08,11,0.1636
25,YTD2019-08,24,0.0594
25,YTD2020-08,25,0.6182
25,YTD2020-08,12,0.1659
25,YTD2020-08,11,0.1341
25,YTD2020-08,24,0.0818
25,YTD2021-08,25,0.6935
25,YTD2021-08,12,0.1902
25,YTD2021-08,11,0.0850
25,YTD2021-08,24,0.0313
25,YTD2022-08,25,0.5910
25,YTD2022-08,12,0.2090
25,YTD2022-08,11,0.1427
25,YTD2022-08,24,0.0573
25,YTD2023-08,25,0.5277
25,YTD2023-08,12,0.2312
25,YTD2023-08,11,0.1779
25,YTD2023-08,24,0.0632
26,CY2019,26,0.5013
26,CY2019,1,0.2219
26,CY2019,36,0.2029
26,CY2019,35,0.0740
26,CY2019-2025,26,0.4897
26,CY2019-2025,36,0.2221
26,CY2019-2025,1,0.2111
26,CY2019-2025,35,0.0772
26,CY2020,26,0.5187
26,CY2020,1,0.2240
26,CY2020,36,0.1827
26,CY2020,35,0.0747
26,CY2020-2022,26,0.5427
26,CY2020-2022,1,0.2214
26,CY2020-2022,36,0.1839
26,CY2020-2022,35,0.0521
26,CY2021,26,0.5694
26,CY2021,1,0.2093
26,CY2021,36,0.1569
26,CY2021,35,0.0644
26,CY2022,26,0.5416
26,CY2022,1,0.2265
26,CY2022,36,0.1991
26,CY2022,35,0.0328
26,CY2023,26,0.4208
26,CY2023,36,0.2913
26,CY2023,1,0.1789
26,CY2023,35,0.1090
26,CY2023-2025,26,0.4250
26,CY2023-2025,36,0.2778
26,CY2023-2025,1,0.1913
26,CY2023-2025,35,0.1059
26,YTD2019-08,26,0.5070
26,YTD2019-08,1,0.2360
26,YTD2019-08,36,0.1902
26,YTD2019-08,35,0.0668
26,YTD2020-08,26,0.5000
26,YTD2020-08,1,0.2382
26,YTD2020-08,36,0.1792
26,YTD2020-08,35,0.0825
26,YTD2021-08,26,0.5615
26,YTD2021-08,1,0.2026
26,YTD2021-08,36,0.1615
26,YTD2021-08,35,0.0744
26,YTD2022-08,26,0.5313
26,YTD2022-08,1,0.2319
26,YTD2022-08,36,0.2012
26,YTD2022-08,35,0.0356
26,YTD2023-08,26,0.4143
26,YTD2023-08,36,0.2967
26,YTD2023-08,1,0.1676
26,YTD2023-08,35,0.1214
27,CY2019,27,0.9557
27,CY2019,1,0.0303
27,CY2019,26,0.0077
27,CY2019,2,0.0030
27,CY2019,28,0.0017
27,CY2019,25,0.0013
27,CY2019,42,0.0003
27,CY2019-2025,27,0.9636
27,CY2019-2025,1,0.0206
27,CY2019-2025,2,0.0070
27,CY2019-2025,26,0.0047
27,CY2019-2025,28,0.0020
27,CY2019-2025,25,0.0019
27,CY2019-2025,42,0.0003
27,CY2020,27,0.9786
27,CY2020,1,0.0107
27,CY2020,2,0.0059
27,CY2020,26,0.0036
27,CY2020,25,0.0012
27,CY2020-2022,27,0.9734
27,CY2020-2022,1,0.0100
27,CY2020-2022,2,0.0088
27,CY2020-2022,26,0.0032
27,CY2020-2022,25,0.0023
27,CY2020-2022,28,0.0020
27,CY2020-2022,42,0.0003
27,CY2021,27,0.9788
27,CY2021,1,0.0074
27,CY2021,25,0.0064
27,CY2021,28,0.0032
27,CY2021,26,0.0032
27,CY2021,2,0.0011
27,CY2022,27,0.9675
27,CY2022,2,0.0147
27,CY2022,1,0.0110
27,CY2022,26,0.0031
27,CY2022,28,0.0025
27,CY2022,42,0.0006
27,CY2022,25,0.0006
27,CY2023,27,0.9603
27,CY2023,1,0.0293
27,CY2023,2,0.0052
27,CY2023,25,0.0021
27,CY2023,26,0.0021
27,CY2023,42,0.0010
27,CY2023-2025,27,0.9606
27,CY2023-2025,1,0.0228
27,CY2023-2025,2,0.0089
27,CY2023-2025,26,0.0034
27,CY2023-2025,28,0.0022
27,CY2023-2025,25,0.0018
27,CY2023-2025,42,0.0003
27,YTD2019-08,27,0.9638
27,YTD2019-08,1,0.0243
27,YTD2019-08,26,0.0055
27,YTD2019-08,2,0.0026
27,YTD2019-08,28,0.0021
27,YTD2019-08,25,0.0013
27,YTD2019-08,42,0.0004
27,YTD2020-08,27,0.9802
27,YTD2020-08,1,0.0113
27,YTD2020-08,2,0.0042
27,YTD2020-08,26,0.0028
27,YTD2020-08,25,0.0014
27,YTD2021-08,27,0.9885
27,YTD2021-08,1,0.0049
27,YTD2021-08,25,0.0033
27,YTD2021-08,28,0.0016
27,YTD2021-08,26,0.0016
27,YTD2022-08,27,0.9684
27,YTD2022-08,2,0.0151
27,YTD2022-08,1,0.0096
27,YTD2022-08,28,0.0027
27,YTD2022-08,26,0.0027
27,YTD2022-08,42,0.0007
27,YTD2022-08,25,0.0007
27,YTD2023-08,27,0.9515
27,YTD2023-08,1,0.0354
27,YTD2023-08,2,0.0066
27,YTD2023-08,25,0.0026
27,YTD2023-08,26,0.0026
27,YTD2023-08,42,0.0013
28,CY2019,28,0.8978
28,CY2019,25,0.0750
28,CY2019,11,0.0263
28,CY2019,37,0.0009
28,CY2019-2025,28,0.8521
28,CY2019-2025,25,0.1102
28,CY2019-2025,11,0.0374
28,CY2019-2025,37,0.0003
28,CY2020,28,0.8818
28,CY2020,25,0.0878
28,CY2020,11,0.0304
28,CY2020-2022,28,0.8379
28,CY2020-2022,25,0.1283
28,CY2020-2022,11,0.0335
28,CY2020-2022,37,0.0003
28,CY2021,28,0.8221
28,CY2021,25,0.1453
28,CY2021,11,0.0314
28,CY2021,37,0.0012
28,CY2022,28,0.8188
28,CY2022,25,0.1444
28,CY2022,11,0.0368
28,CY2023,28,0.8374
28,CY2023,25,0.1137
28,CY2023,11,0.0489
28,CY2023-2025,28,0.8348
28,CY2023-2025,25,0.1169
28,CY2023-2025,11,0.0483
28,YTD2019-08,28,0.8949
28,YTD2019-08,25,0.0792
28,YTD2019-08,11,0.0247
28,YTD2019-08,37,0.0011
28,YTD2020-08,28,0.8770
28,YTD2020-08,25,0.0886
28,YTD2020-08,11,0.0344
28,YTD2021-08,28,0.8179
28,YTD2021-08,25,0.1451
28,YTD2021-08,11,0.0356
28,YTD2021-08,37,0.0014
28,YTD2022-08,28,0.8288
28,YTD2022-08,25,0.1356
28,YTD2022-08,11,0.0356
28,YTD2023-08,28,0.8402
28,YTD2023-08,25,0.1083
28,YTD2023-08,11,0.0515
29,CY2019,29,0.9937
29,CY2019,36,0.0063
29,CY2019-2025,29,0.9835
29,CY2019-2025,36,0.0165
29,CY2020,29,0.9962
29,CY2020,36,0.0038
29,CY2020-2022,29,0.9831
29,CY2020-2022,36,0.0169
29,CY2021,29,0.9827
29,CY2021,36,0.0173
29,CY2022,29,0.9759
29,CY2022,36,0.0241
29,CY2023,29,0.9504
29,CY2023,36,0.0496
29,CY2023-2025,29,0.9730
29,CY2023-2025,36,0.0270
29,YTD2019-08,29,0.9922
29,YTD2019-08,36,0.0078
29,YTD2020-08,29,0.9952
29,YTD2020-08,36,0.0048
29,YTD2021-08,29,0.9853
29,YTD2021-08,36,0.0147
29,YTD2022-08,29,0.9737
29,YTD2022-08,36,0.0263
29,YTD2023-08,29,0.9599
29,YTD2023-08,36,0.0401
30,CY2019,30,0.5643
30,CY2019,45,0.2251
30,CY2019,36,0.1450
30,CY2019,38,0.0607
30,CY2019,31,0.0049
30,CY2019-2025,30,0.5697
30,CY2019-2025,45,0.2323
30,CY2019-2025,36,0.1470
30,CY2019-2025,38,0.0423
30,CY2019-2025,31,0.0087
30,CY2020,30,0.6255
30,CY2020,45,0.2490
30,CY2020,36,0.0772
30,CY2020,38,0.0367
30,CY2020,31,0.0116
30,CY2020-2022,30,0.5861
30,CY2020-2022,45,0.2629
30,CY2020-2022,36,0.1103
30,CY2020-2022,38,0.0337
30,CY2020-2022,31,0.0071
30,CY2021,30,0.5585
30,CY2021,45,0.3024
30,CY2021,36,0.0968
30,CY2021,38,0.0403
30,CY2021,31,0.0020
30,CY2022,30,0.5780
30,CY2022,45,0.2479
30,CY2022,36,0.1391
30,CY2022,38,0.0278
30,CY2022,31,0.0073
30,CY2023,30,0.5429
30,CY2023,45,0.2485
30,CY2023,36,0.1464
30,CY2023,38,0.0429
30,CY2023,31,0.0192
30,CY2023-2025,30,0.5621
30,CY2023-2025,45,0.2165
30,CY2023-2025,36,0.1723
30,CY2023-2025,38,0.0371
30,CY2023-2025,31,0.0121
30,YTD2019-08,30,0.5928
30,YTD2019-08,45,0.2093
30,YTD2019-08,36,0.1377
30,YTD2019-08,38,0.0556
30,YTD2019-08,31,0.0046
30,YTD2020-08,30,0.6173
30,YTD2020-08,45,0.2551
30,YTD2020-08,36,0.0729
30,YTD2020-08,38,0.0433
30,YTD2020-08,31,0.0114
30,YTD2021-08,30,0.5129
30,YTD2021-08,45,0.3410
30,YTD2021-08,36,0.0917
30,YTD2021-08,38,0.0544
30,YTD2022-08,30,0.5710
30,YTD2022-08,45,0.2552
30,YTD2022-08,36,0.1352
30,YTD2022-08,38,0.0303
30,YTD2022-08,31,0.0083
30,YTD2023-08,30,0.5224
30,YTD2023-08,45,0.2621
30,YTD2023-08,36,0.1454
30,YTD2023-08,38,0.0485
30,YTD2023-08,31,0.0215
31,CY2019,31,0.8471
31,CY2019,30,0.0848
31,CY2019,36,0.0629
31,CY2019,35,0.0051
31,CY2019-2025,31,0.8266
31,CY2019-2025,30,0.1045
31,CY2019-2025,36,0.0634
31,CY2019-2025,35,0.0054
31,CY2020,31,0.8795
31,CY2020,30,0.0712
31,CY2020,36,0.0466
31,CY2020,35,0.0026
31,CY2020-2022,31,0.8508
31,CY2020-2022,30,0.0927
31,CY2020-2022,36,0.0528
31,CY2020-2022,35,0.0037
31,CY2021,31,0.8731
31,CY2021,30,0.0772
31,CY2021,36,0.0480
31,CY2021,35,0.0017
31,CY2022,31,0.8080
31,CY2022,30,0.1239
31,CY2022,36,0.0620
31,CY2022,35,0.0061
31,CY2023,31,0.8122
31,CY2023,30,0.1099
31,CY2023,36,0.0672
31,CY2023,35,0.0107
31,CY2023-2025,31,0.7875
31,CY2023-2025,30,0.1306
31,CY2023-2025,36,0.0745
31,CY2023-2025,35,0.0074
31,YTD2019-08,31,0.8345
31,YTD2019-08,30,0.0951
31,YTD2019-08,36,0.0637
31,YTD2019-08,35,0.0068
31,YTD2020-08,31,0.8850
31,YTD2020-08,30,0.0699
31,YTD2020-08,36,0.0437
31,YTD2020-08,35,0.0015
31,YTD2021-08,31,0.8692
31,YTD2021-08,30,0.0821
31,YTD2021-08,36,0.0462
31,YTD2021-08,35,0.0026
31,YTD2022-08,31,0.8111
31,YTD2022-08,30,0.1153
31,YTD2022-08,36,0.0667
31,YTD2022-08,35,0.0069
31,YTD2023-08,31,0.7977
31,YTD2023-08,30,0.1252
31,YTD2023-08,36,0.0636
31,YTD2023-08,35,0.0135
32,CY2019,32,0.7555
32,CY2019,2,0.0913
32,CY2019,47,0.0687
32,CY2019,1,0.0407
32,CY2019,43,0.0371
32,CY2019,44,0.0068
32,CY2019-2025,32,0.7439
32,CY2019-2025,2,0.1085
32,CY2019-2025,47,0.0679
32,CY2019-2025,43,0.0361
32,CY2019-2025,1,0.0357
32,CY2019-2025,44,0.0079
32,CY2020,32,0.7751
32,CY2020,2,0.0867
32,CY2020,47,0.0745
32,CY2020,43,0.0352
32,CY2020,1,0.0244
32,CY2020,44,0.0041
32,CY2020-2022,32,0.7110
32,CY2020-2022,2,0.1340
32,CY2020-2022,47,0.0749
32,CY2020-2022,43,0.0458
32,CY2020-2022,1,0.0258
32,CY2020-2022,44,0.0086
32,CY2021,32,0.7586
32,CY2021,2,0.0962
32,CY2021,47,0.0835
32,CY2021,43,0.0363
32,CY2021,44,0.0127
32,CY2021,1,0.0127
32,CY2022,32,0.6620
32,CY2022,2,0.1710
32,CY2022,47,0.0719
32,CY2022,43,0.0546
32,CY2022,1,0.0313
32,CY2022,44,0.0093
32,CY2023,32,0.7683
32,CY2023,2,0.1093
32,CY2023,47,0.0536
32,CY2023,1,0.0339
32,CY2023,43,0.0273
32,CY2023,44,0.0077
32,CY2023-2025,32,0.7641
32,CY2023-2025,2,0.0985
32,CY2023-2025,47,0.0615
32,CY2023-2025,1,0.0407
32,CY2023-2025,43,0.0272
32,CY2023-2025,44,0.0080
32,YTD2019-08,32,0.7444
32,YTD2019-08,2,0.1001
32,YTD2019-08,47,0.0750
32,YTD2019-08,1,0.0419
32,YTD2019-08,43,0.0310
32,YTD2019-08,44,0.0076
32,YTD2020-08,32,0.7834
32,YTD2020-08,2,0.0880
32,YTD2020-08,47,0.0592
32,YTD2020-08,43,0.0355
32,YTD2020-08,1,0.0288
32,YTD2020-08,44,0.0051
32,YTD2021-08,32,0.7579
32,YTD2021-08,2,0.0969
32,YTD2021-08,47,0.0896
32,YTD2021-08,43,0.0266
32,YTD2021-08,44,0.0169
32,YTD2021-08,1,0.0121
32,YTD2022-08,32,0.6643
32,YTD2022-08,2,0.1682
32,YTD2022-08,47,0.0719
32,YTD2022-08,43,0.0561
32,YTD2022-08,1,0.0295
32,YTD2022-08,44,0.0101
32,YTD2023-08,32,0.7729
32,YTD2023-08,2,0.0996
32,YTD2023-08,47,0.0544
32,YTD2023-08,1,0.0345
32,YTD2023-08,43,0.0292
32,YTD2023-08,44,0.0093
33,CY2019,33,0.6612
33,CY2019,35,0.3388
33,CY2019-2025,33,0.6577
33,CY2019-2025,35,0.3423
33,CY2020,33,0.6697
33,CY2020,35,0.3303
33,CY2020-2022,33,0.6310
33,CY2020-2022,35,0.3690
33,CY2021,33,0.6476
33,CY2021,35,0.3524
33,CY2022,33,0.5961
33,CY2022,35,0.4039
33,CY2023,33,0.6000
33,CY2023,35,0.4000
33,CY2023-2025,33,0.6806
33,CY2023-2025,35,0.3194
33,YTD2019-08,33,0.6525
33,YTD2019-08,35,0.3475
33,YTD2020-08,33,0.6577
33,YTD2020-08,35,0.3423
33,YTD2021-08,33,0.6795
33,YTD2021-08,35,0.3205
33,YTD2022-08,33,0.6029
33,YTD2022-08,35,0.3971
33,YTD2023-08,33,0.6160
33,YTD2023-08,35,0.3840
34,CY2019,42,0.3899
34,CY2019,25,0.2916
34,CY2019,28,0.1743
34,CY2019,27,0.0827
34,CY2019,4,0.0268
34,CY2019,11,0.0246
34,CY2019,3,0.0101
34,CY2019-2025,42,0.4079
34,CY2019-2025,25,0.2868
34,CY2019-2025,28,0.1679
34,CY2019-2025,27,0.0702
34,CY2019-2025,4,0.0325
34,CY2019-2025,11,0.0179
34,CY2019-2025,3,0.0169
34,CY2020,25,0.3111
34,CY2020,42,0.3022
34,CY2020,28,0.2222
34,CY2020,27,0.0978
34,CY2020,11,0.0356
34,CY2020,4,0.0178
34,CY2020,3,0.0133
34,CY2020-2022,42,0.3592
34,CY2020-2022,25,0.2971
34,CY2020-2022,28,0.1680
34,CY2020-2022,27,0.0816
34,CY2020-2022,4,0.0544
34,CY2020-2022,11,0.0204
34,CY2020-2022,3,0.0194
34,CY2021,42,0.3991
34,CY2021,25,0.2833
34,CY2021,28,0.1416
34,CY2021,4,0.0773
34,CY2021,27,0.0515
34,CY2021,3,0.0258
34,CY2021,11,0.0215
34,CY2022,42,0.3654
34,CY2022,25,0.2972
34,CY2022,28,0.1573
34,CY2022,27,0.0874
34,CY2022,4,0.0594
34,CY2022,3,0.0192
34,CY2022,11,0.0140
34,CY2023,42,0.4772
34,CY2023,25,0.2759
34,CY2023,28,0.1473
34,CY2023,27,0.0560
34,CY2023,3,0.0207
34,CY2023,4,0.0166
34,CY2023,11,0.0062
34,CY2023-2025,42,0.4653
34,CY2023-2025,25,0.2738
34,CY2023-2025,28,0.1629
34,CY2023-2025,27,0.0503
34,CY2023-2025,3,0.0199
34,CY2023-2025,4,0.0173
34,CY2023-2025,11,0.0104
34,YTD2019-08,42,0.3809
34,YTD2019-08,25,0.2880
34,YTD2019-08,28,0.1723
34,YTD2019-08,27,0.0888
34,YTD2019-08,4,0.0323
34,YTD2019-08,11,0.0269
34,YTD2019-08,3,0.0108
34,YTD2020-08,25,0.3642
34,YTD2020-08,42,0.2601
34,YTD2020-08,28,0.2081
34,YTD2020-08,27,0.1098
34,YTD2020-08,11,0.0289
34,YTD2020-08,3,0.0173
34,YTD2020-08,4,0.0116
34,YTD2021-08,42,0.3652
34,YTD2021-08,25,0.2809
34,YTD2021-08,28,0.1685
34,YTD2021-08,4,0.0674
34,YTD2021-08,27,0.0618
34,YTD2021-08,11,0.0281
34,YTD2021-08,3,0.0281
34,YTD2022-08,42,0.3420
34,YTD2022-08,25,0.3140
34,YTD2022-08,28,0.1640
34,YTD2022-08,27,0.1000
34,YTD2022-08,4,0.0520
34,YTD2022-08,11,0.0140
34,YTD2022-08,3,0.0140
34,YTD2023-08,42,0.4258
34,YTD2023-08,25,0.2967
34,YTD2023-08,28,0.1731
34,YTD2023-08,27,0.0604
34,YTD2023-08,3,0.0220
34,YTD2023-08,4,0.0165
34,YTD2023-08,11,0.0055
35,CY2019,35,0.6382
35,CY2019,33,0.1617
35,CY2019,31,0.0910
35,CY2019,32,0.0455
35,CY2019,30,0.0364
35,CY2019,26,0.0273
35,CY2019-2025,35,0.5462
35,CY2019-2025,33,0.2131
35,CY2019-2025,31,0.0973
35,CY2019-2025,32,0.0929
35,CY2019-2025,26,0.0269
35,CY2019-2025,30,0.0237
35,CY2020,35,0.6296
35,CY2020,33,0.1462
35,CY2020,31,0.1262
35,CY2020,32,0.0548
35,CY2020,30,0.0249
35,CY2020,26,0.0183
35,CY2020-2022,35,0.6023
35,CY2020-2022,33,0.1646
35,CY2020-2022,31,0.1288
35,CY2020-2022,32,0.0644
35,CY2020-2022,26,0.0240
35,CY2020-2022,30,0.0160
35,CY2021,35,0.5837
35,CY2021,31,0.1614
35,CY2021,33,0.1594
35,CY2021,32,0.0578
35,CY2021,26,0.0259
35,CY2021,30,0.0120
35,CY2022,35,0.5953
35,CY2022,33,0.1779
35,CY2022,31,0.1144
35,CY2022,32,0.0733
35,CY2022,26,0.0264
35,CY2022,30,0.0127
35,CY2023,35,0.4670
35,CY2023,33,0.2526
35,CY2023,32,0.1645
35,CY2023,31,0.0558
35,CY2023,26,0.0323
35,CY2023,30,0.0279
35,CY2023-2025,35,0.4397
35,CY2023-2025,33,0.2882
35,CY2023-2025,32,0.1473
35,CY2023-2025,31,0.0726
35,CY2023-2025,26,0.0293
35,CY2023-2025,30,0.0229
35,YTD2019-08,35,0.6495
35,YTD2019-08,33,0.1730
35,YTD2019-08,31,0.0847
35,YTD2019-08,32,0.0423
35,YTD2019-08,26,0.0261
35,YTD2019-08,30,0.0243
35,YTD2020-08,35,0.6560
35,YTD2020-08,33,0.1260
35,YTD2020-08,31,0.1180
35,YTD2020-08,32,0.0520
35,YTD2020-08,30,0.0300
35,YTD2020-08,26,0.0180
35,YTD2021-08,35,0.6136
35,YTD2021-08,33,0.1648
35,YTD2021-08,31,0.1222
35,YTD2021-08,32,0.0568
35,YTD2021-08,26,0.0284
35,YTD2021-08,30,0.0142
35,YTD2022-08,35,0.6016
35,YTD2022-08,33,0.1803
35,YTD2022-08,31,0.1091
35,YTD2022-08,32,0.0735
35,YTD2022-08,26,0.0264
35,YTD2022-08,30,0.0092
35,YTD2023-08,35,0.4470
35,YTD2023-08,33,0.2729
35,YTD2023-08,32,0.1777
35,YTD2023-08,31,0.0395
35,YTD2023-08,26,0.0359
35,YTD2023-08,30,0.0269
36,CY2019,36,0.5733
36,CY2019,26,0.2023
36,CY2019,1,0.1086
36,CY2019,2,0.0525
36,CY2019,27,0.0365
36,CY2019,30,0.0237
36,CY2019,29,0.0031
36,CY2019-2025,36,0.4987
36,CY2019-2025,26,0.2118
36,CY2019-2025,1,0.1798
36,CY2019-2025,2,0.0567
36,CY2019-2025,27,0.0241
36,CY2019-2025,30,0.0220
36,CY2019-2025,29,0.0070
36,CY2020,36,0.5441
36,CY2020,26,0.2500
36,CY2020,1,0.1195
36,CY2020,2,0.0460
36,CY2020,30,0.0294
36,CY2020,27,0.0092
36,CY2020,29,0.0018
36,CY2020-2022,36,0.5021
36,CY2020-2022,26,0.2572
36,CY2020-2022,1,0.1575
36,CY2020-2022,2,0.0460
36,CY2020-2022,30,0.0150
36,CY2020-2022,27,0.0139
36,CY2020-2022,29,0.0083
36,CY2021,36,0.4965
36,CY2021,26,0.2465
36,CY2021,1,0.1667
36,CY2021,2,0.0585
36,CY2021,27,0.0177
36,CY2021,30,0.0089
36,CY2021,29,0.0053
36,CY2022,36,0.4783
36,CY2022,26,0.2693
36,CY2022,1,0.1763
36,CY2022,2,0.0374
36,CY2022,27,0.0145
36,CY2022,29,0.0145
36,CY2022,30,0.0097
36,CY2023,36,0.5080
36,CY2023,26,0.2013
36,CY2023,1,0.1885
36,CY2023,2,0.0447
36,CY2023,27,0.0272
36,CY2023,30,0.0176
36,CY2023,29,0.0128
36,CY2023-2025,36,0.4364
36,CY2023-2025,1,0.2543
36,CY2023-2025,26,0.1833
36,CY2023-2025,2,0.0685
36,CY2023-2025,30,0.0263
36,CY2023-2025,27,0.0221
36,CY2023-2025,29,0.0090
36,YTD2019-08,36,0.5271
36,YTD2019-08,26,0.2103
36,YTD2019-08,1,0.1201
36,YTD2019-08,2,0.0665
36,YTD2019-08,27,0.0414
36,YTD2019-08,30,0.0305
36,YTD2019-08,29,0.0041
36,YTD2020-08,36,0.5218
36,YTD2020-08,26,0.2736
36,YTD2020-08,1,0.1103
36,YTD2020-08,2,0.0483
36,YTD2020-08,30,0.0322
36,YTD2020-08,27,0.0115
36,YTD2020-08,29,0.0023
36,YTD2021-08,36,0.4541
36,YTD2021-08,26,0.2581
36,YTD2021-08,1,0.1935
36,YTD2021-08,2,0.0670
36,YTD2021-08,27,0.0199
36,YTD2021-08,30,0.0074
36,YTD2022-08,36,0.4654
36,YTD2022-08,26,0.2895
36,YTD2022-08,1,0.1717
36,YTD2022-08,2,0.0374
36,YTD2022-08,29,0.0152
36,YTD2022-08,27,0.0125
36,YTD2022-08,30,0.0083
36,YTD2023-08,36,0.5201
36,YTD2023-08,26,0.2129
36,YTD2023-08,1,0.1727
36,YTD2023-08,2,0.0361
36,YTD2023-08,27,0.0281
36,YTD2023-08,29,0.0161
36,YTD2023-08,30,0.0141
37,CY2019,37,0.9586
37,CY2019,28,0.0312
37,CY2019,29,0.0102
37,CY2019-2025,37,0.9374
37,CY2019-2025,28,0.0544
37,CY2019-2025,29,0.0080
37,CY2019-2025,36,0.0002
37,CY2020,37,0.9252
37,CY2020,28,0.0610
37,CY2020,29,0.0138
37,CY2020-2022,37,0.9155
37,CY2020-2022,28,0.0732
37,CY2020-2022,29,0.0113
37,CY2021,37,0.9391
37,CY2021,28,0.0467
37,CY2021,29,0.0142
37,CY2022,37,0.8963
37,CY2022,28,0.0956
37,CY2022,29,0.0082
37,CY2023,37,0.9236
37,CY2023,28,0.0714
37,CY2023,29,0.0033
37,CY2023,36,0.0017
37,CY2023-2025,37,0.9403
37,CY2023-2025,28,0.0564
37,CY2023-2025,29,0.0027
37,CY2023-2025,36,0.0005
37,YTD2019-08,37,0.9585
37,YTD2019-08,28,0.0292
37,YTD2019-08,29,0.0123
37,YTD2020-08,37,0.9249
37,YTD2020-08,28,0.0610
37,YTD2020-08,29,0.0141
37,YTD2021-08,37,0.9291
37,YTD2021-08,28,0.0551
37,YTD2021-08,29,0.0157
37,YTD2022-08,37,0.8938
37,YTD2022-08,28,0.0975
37,YTD2022-08,29,0.0086
37,YTD2023-08,37,0.9119
37,YTD2023-08,28,0.0822
37,YTD2023-08,29,0.0039
37,YTD2023-08,36,0.0020
38,CY2019,38,0.8475
38,CY2019,36,0.1009
38,CY2019,29,0.0383
38,CY2019,45,0.0133
38,CY2019-2025,38,0.8616
38,CY2019-2025,36,0.0801
38,CY2019-2025,29,0.0350
38,CY2019-2025,45,0.0233
38,CY2020,38,0.8386
38,CY2020,36,0.0784
38,CY2020,29,0.0611
38,CY2020,45,0.0219
38,CY2020-2022,38,0.8746
38,CY2020-2022,36,0.0643
38,CY2020-2022,29,0.0388
38,CY2020-2022,45,0.0223
38,CY2021,38,0.8818
38,CY2021,36,0.0771
38,CY2021,29,0.0325
38,CY2021,45,0.0086
38,CY2022,38,0.8939
38,CY2022,36,0.0474
38,CY2022,45,0.0309
38,CY2022,29,0.0278
38,CY2023,38,0.8677
38,CY2023,36,0.0675
38,CY2023,29,0.0405
38,CY2023,45,0.0243
38,CY2023-2025,38,0.8602
38,CY2023-2025,36,0.0789
38,CY2023-2025,45,0.0320
38,CY2023-2025,29,0.0290
38,YTD2019-08,38,0.8311
38,YTD2019-08,36,0.1103
38,YTD2019-08,29,0.0426
38,YTD2019-08,45,0.0161
38,YTD2020-08,38,0.8294
38,YTD2020-08,36,0.0789
38,YTD2020-08,29,0.0697
38,YTD2020-08,45,0.0220
38,YTD2021-08,38,0.8854
38,YTD2021-08,36,0.0756
38,YTD2021-08,29,0.0341
38,YTD2021-08,45,0.0049
38,YTD2022-08,38,0.8968
38,YTD2022-08,36,0.0464
38,YTD2022-08,45,0.0313
38,YTD2022-08,29,0.0255
38,YTD2023-08,38,0.8571
38,YTD2023-08,36,0.0690
38,YTD2023-08,29,0.0476
38,YTD2023-08,45,0.0263
39,CY2019,39,0.9779
39,CY2019,40,0.0218
39,CY2019,45,0.0003
39,CY2019-2025,39,0.9712
39,CY2019-2025,40,0.0275
39,CY2019-2025,45,0.0012
39,CY2019-2025,33,0.0001
39,CY2020,39,0.9704
39,CY2020,40,0.0296
39,CY2020-2022,39,0.9753
39,CY2020-2022,40,0.0240
39,CY2020-2022,45,0.0005
39,CY2020-2022,33,0.0002
39,CY2021,39,0.9800
39,CY2021,40,0.0192
39,CY2021,45,0.0009
39,CY2022,39,0.9751
39,CY2022,40,0.0238
39,CY2022,45,0.0005
39,CY2022,33,0.0005
39,CY2023,39,0.9550
39,CY2023,40,0.0443
39,CY2023,45,0.0007
39,CY2023-2025,39,0.9639
39,CY2023-2025,40,0.0339
39,CY2023-2025,45,0.0022
39,YTD2019-08,39,0.9836
39,YTD2019-08,40,0.0160
39,YTD2019-08,45,0.0004
39,YTD2020-08,39,0.9731
39,YTD2020-08,40,0.0269
39,YTD2021-08,39,0.9754
39,YTD2021-08,40,0.0234
39,YTD2021-08,45,0.0011
39,YTD2022-08,39,0.9751
39,YTD2022-08,40,0.0238
39,YTD2022-08,45,0.0006
39,YTD2022-08,33,0.0006
39,YTD2023-08,39,0.9616
39,YTD2023-08,40,0.0375
39,YTD2023-08,45,0.0009
40,CY2019,40,0.9164
40,CY2019,50,0.0459
40,CY2019,33,0.0376
40,CY2019-2025,40,0.9065
40,CY2019-2025,50,0.0660
40,CY2019-2025,33,0.0275
40,CY2020,40,0.9020
40,CY2020,50,0.0776
40,CY2020,33,0.0204
40,CY2020-2022,40,0.9082
40,CY2020-2022,50,0.0652
40,CY2020-2022,33,0.0266
40,CY2021,40,0.8857
40,CY2021,50,0.0738
40,CY2021,33,0.0405
40,CY2022,40,0.9184
40,CY2022,50,0.0559
40,CY2022,33,0.0257
40,CY2023,40,0.8982
40,CY2023,50,0.0827
40,CY2023,33,0.0191
40,CY2023-2025,40,0.8982
40,CY2023-2025,50,0.0803
40,CY2023-2025,33,0.0215
40,YTD2019-08,40,0.9150
40,YTD2019-08,50,0.0497
40,YTD2019-08,33,0.0353
40,YTD2020-08,40,0.8998
40,YTD2020-08,50,0.0811
40,YTD2020-08,33,0.0191
40,YTD2021-08,40,0.9061
40,YTD2021-08,50,0.0515
40,YTD2021-08,33,0.0424
40,YTD2022-08,40,0.9178
40,YTD2022-08,50,0.0564
40,YTD2022-08,33,0.0258
40,YTD2023-08,40,0.8878
40,YTD2023-08,50,0.0928
40,YTD2023-08,33,0.0194
41,CY2019,41,0.8929
41,CY2019,45,0.0841
41,CY2019,38,0.0230
41,CY2019-2025,41,0.8992
41,CY2019-2025,45,0.0868
41,CY2019-2025,38,0.0139
41,CY2020,41,0.9145
41,CY2020,45,0.0768
41,CY2020,38,0.0086
41,CY2020-2022,41,0.9098
41,CY2020-2022,45,0.0792
41,CY2020-2022,38,0.0110
41,CY2021,41,0.8962
41,CY2021,45,0.0856
41,CY2021,38,0.0182
41,CY2022,41,0.9155
41,CY2022,45,0.0765
41,CY2022,38,0.0079
41,CY2023,41,0.8831
41,CY2023,45,0.1042
41,CY2023,38,0.0127
41,CY2023-2025,41,0.8934
41,CY2023-2025,45,0.0957
41,CY2023-2025,38,0.0109
41,YTD2019-08,41,0.9034
41,YTD2019-08,45,0.0730
41,YTD2019-08,38,0.0235
41,YTD2020-08,41,0.9035
41,YTD2020-08,45,0.0871
41,YTD2020-08,38,0.0094
41,YTD2021-08,41,0.8825
41,YTD2021-08,45,0.0983
41,YTD2021-08,38,0.0192
41,YTD2022-08,41,0.9158
41,YTD2022-08,45,0.0785
41,YTD2022-08,38,0.0058
41,YTD2023-08,41,0.8858
41,YTD2023-08,45,0.1044
41,YTD2023-08,38,0.0098
42,CY2019,42,0.9616
42,CY2019,2,0.0384
42,CY2019-2025,42,0.9601
42,CY2019-2025,2,0.0399
42,CY2020,42,0.9035
42,CY2020,2,0.0965
42,CY2020-2022,42,0.9568
42,CY2020-2022,2,0.0432
42,CY2021,42,0.9587
42,CY2021,2,0.0413
42,CY2022,42,0.9739
42,CY2022,2,0.0261
42,CY2023,42,0.9719
42,CY2023,2,0.0281
42,CY2023-2025,42,0.9620
42,CY2023-2025,2,0.0380
42,YTD2019-08,42,0.9582
42,YTD2019-08,2,0.0418
42,YTD2020-08,42,0.9448
42,YTD2020-08,2,0.0552
42,YTD2021-08,42,0.9498
42,YTD2021-08,2,0.0502
42,YTD2022-08,42,0.9750
42,YTD2022-08,2,0.0250
42,YTD2023-08,42,0.9679
42,YTD2023-08,2,0.0321
43,CY2019,43,0.9816
43,CY2019,2,0.0184
43,CY2019-2025,43,0.9710
43,CY2019-2025,2,0.0258
43,CY2019-2025,44,0.0031
43,CY2020,43,0.9813
43,CY2020,2,0.0150
43,CY2020,44,0.0037
43,CY2020-2022,43,0.9795
43,CY2020-2022,2,0.0134
43,CY2020-2022,44,0.0071
43,CY2021,43,0.9749
43,CY2021,2,0.0140
43,CY2021,44,0.0112
43,CY2022,43,0.9810
43,CY2022,2,0.0127
43,CY2022,44,0.0063
43,CY2023,43,0.9669
43,CY2023,2,0.0315
43,CY2023,44,0.0016
43,CY2023-2025,43,0.9609
43,CY2023-2025,2,0.0372
43,CY2023-2025,44,0.0019
43,YTD2019-08,43,0.9774
43,YTD2019-08,2,0.0226
43,YTD2020-08,43,0.9821
43,YTD2020-08,2,0.0179
43,YTD2021-08,43,0.9697
43,YTD2021-08,2,0.0152
43,YTD2021-08,44,0.0152
43,YTD2022-08,43,0.9816
43,YTD2022-08,2,0.0113
43,YTD2022-08,44,0.0071
43,YTD2023-08,43,0.9691
43,YTD2023-08,2,0.0291
43,YTD2023-08,44,0.0018
44,CY2019,44,1.0000
44,CY2019-2025,44,1.0000
44,CY2020,44,1.0000
44,CY2020-2022,44,1.0000
44,CY2021,44,1.0000
44,CY2022,44,1.0000
44,CY2023,44,1.0000
44,CY2023-2025,44,1.0000
44,YTD2019-08,44,1.0000
44,YTD2020-08,44,1.0000
44,YTD2021-08,44,1.0000
44,YTD2022-08,44,1.0000
44,YTD2023-08,44,1.0000
45,CY2019,45,0.7619
45,CY2019,41,0.1811
45,CY2019,38,0.0473
45,CY2019,30,0.0097
45,CY2019-2025,45,0.7445
45,CY2019-2025,41,0.1923
45,CY2019-2025,38,0.0579
45,CY2019-2025,30,0.0052
45,CY2020,45,0.7876
45,CY2020,41,0.1802
45,CY2020,38,0.0306
45,CY2020,30,0.0017
45,CY2020-2022,45,0.7522
45,CY2020-2022,41,0.1989
45,CY2020-2022,38,0.0479
45,CY2020-2022,30,0.0009
45,CY2021,45,0.7731
45,CY2021,41,0.1662
45,CY2021,38,0.0607
45,CY2022,45,0.7139
45,CY2022,41,0.2349
45,CY2022,38,0.0501
45,CY2022,30,0.0011
45,CY2023,45,0.7378
45,CY2023,41,0.1925
45,CY2023,38,0.0671
45,CY2023,30,0.0026
45,CY2023-2025,45,0.7215
45,CY2023-2025,41,0.1941
45,CY2023-2025,38,0.0779
45,CY2023-2025,30,0.0064
45,YTD2019-08,45,0.7583
45,YTD2019-08,41,0.1860
45,YTD2019-08,38,0.0454
45,YTD2019-08,30,0.0103
45,YTD2020-08,45,0.8152
45,YTD2020-08,41,0.1540
45,YTD2020-08,38,0.0289
45,YTD2020-08,30,0.0019
45,YTD2021-08,45,0.7849
45,YTD2021-08,41,0.1574
45,YTD2021-08,38,0.0577
45,YTD2022-08,45,0.7120
45,YTD2022-08,41,0.2390
45,YTD2022-08,38,0.0478
45,YTD2022-08,30,0.0012
45,YTD2023-08,45,0.7280
45,YTD2023-08,41,0.1987
45,YTD2023-08,38,0.0722
45,YTD2023-08,30,0.0010
46,CY2019,46,0.9161
46,CY2019,47,0.0757
46,CY2019,44,0.0082
46,CY2019-2025,46,0.9346
46,CY2019-2025,47,0.0556
46,CY2019-2025,44,0.0098
46,CY2020,46,0.9416
46,CY2020,47,0.0487
46,CY2020,44,0.0097
46,CY2020-2022,46,0.9456
46,CY2020-2022,47,0.0458
46,CY2020-2022,44,0.0086
46,CY2021,46,0.9526
46,CY2021,47,0.0345
46,CY2021,44,0.0129
46,CY2022,46,0.9448
46,CY2022,47,0.0493
46,CY2022,44,0.0059
46,CY2023,46,0.9688
46,CY2023,47,0.0293
46,CY2023,44,0.0020
46,CY2023-2025,46,0.9345
46,CY2023-2025,47,0.0539
46,CY2023-2025,44,0.0116
46,YTD2019-08,46,0.9212
46,YTD2019-08,47,0.0705
46,YTD2019-08,44,0.0083
46,YTD2020-08,46,0.9455
46,YTD2020-08,47,0.0428
46,YTD2020-08,44,0.0117
46,YTD2021-08,46,0.9441
46,YTD2021-08,47,0.0391
46,YTD2021-08,44,0.0168
46,YTD2022-08,46,0.9389
46,YTD2022-08,47,0.0543
46,YTD2022-08,44,0.0068
46,YTD2023-08,46,0.9700
46,YTD2023-08,47,0.0300
47,CY2019,47,0.9744
47,CY2019,44,0.0189
47,CY2019,33,0.0054
47,CY2019,40,0.0013
47,CY2019-2025,47,0.9597
47,CY2019-2025,44,0.0274
47,CY2019-2025,33,0.0082
47,CY2019-2025,40,0.0047
47,CY2020,47,0.9587
47,CY2020,44,0.0264
47,CY2020,33,0.0149
47,CY2020-2022,47,0.9559
47,CY2020-2022,44,0.0257
47,CY2020-2022,33,0.0154
47,CY2020-2022,40,0.0031
47,CY2021,47,0.9505
47,CY2021,44,0.0396
47,CY2021,33,0.0074
47,CY2021,40,0.0025
47,CY2022,47,0.9563
47,CY2022,33,0.0192
47,CY2022,44,0.0192
47,CY2022,40,0.0053
47,CY2023,47,0.9680
47,CY2023,44,0.0160
47,CY2023,33,0.0102
47,CY2023,40,0.0058
47,CY2023-2025,47,0.9543
47,CY2023-2025,44,0.0334
47,CY2023-2025,40,0.0078
47,CY2023-2025,33,0.0045
47,YTD2019-08,47,0.9668
47,YTD2019-08,44,0.0244
47,YTD2019-08,33,0.0068
47,YTD2019-08,40,0.0020
47,YTD2020-08,47,0.9556
47,YTD2020-08,44,0.0263
47,YTD2020-08,33,0.0182
47,YTD2021-08,47,0.9667
47,YTD2021-08,44,0.0300
47,YTD2021-08,40,0.0033
47,YTD2022-08,47,0.9553
47,YTD2022-08,44,0.0195
47,YTD2022-08,33,0.0195
47,YTD2022-08,40,0.0057
47,YTD2023-08,47,0.9643
47,YTD2023-08,44,0.0188
47,YTD2023-08,33,0.0094
47,YTD2023-08,40,0.0075
48,CY2019,48,0.9974
48,CY2019,46,0.0026
48,CY2019-2025,48,0.9993
48,CY2019-2025,46,0.0007
48,CY2020,48,1.0000
48,CY2020-2022,48,1.0000
48,CY2021,48,1.0000
48,CY2022,48,1.0000
48,CY2023,48,1.0000
48,CY2023-2025,48,1.0000
48,YTD2019-08,48,0.9965
48,YTD2019-08,46,0.0035
48,YTD2020-08,48,1.0000
48,YTD2021-08,48,1.0000
48,YTD2022-08,48,1.0000
48,YTD2023-08,48,1.0000
49,CY2019,49,0.9611
49,CY2019,40,0.0389
49,CY2019-2025,49,0.9524
49,CY2019-2025,40,0.0476
49,CY2020,49,0.9779
49,CY2020,40,0.0221
49,CY2020-2022,49,0.9356
49,CY2020-2022,40,0.0644
49,CY2021,49,0.9595
49,CY2021,40,0.0405
49,CY2022,49,0.9063
49,CY2022,40,0.0937
49,CY2023,49,0.9628
49,CY2023,40,0.0372
49,CY2023-2025,49,0.9654
49,CY2023-2025,40,0.0346
49,YTD2019-08,49,0.9770
49,YTD2019-08,40,0.0230
49,YTD2020-08,49,0.9726
49,YTD2020-08,40,0.0274
49,YTD2021-08,49,0.9798
49,YTD2021-08,40,0.0202
49,YTD2022-08,49,0.9020
49,YTD2022-08,40,0.0980
49,YTD2023-08,49,0.9632
49,YTD2023-08,40,0.0368
50,CY2019,50,0.9224
50,CY2019,40,0.0707
50,CY2019,39,0.0070
50,CY2019-2025,50,0.9133
50,CY2019-2025,40,0.0799
50,CY2019-2025,39,0.0068
50,CY2020,50,0.9075
50,CY2020,40,0.0854
50,CY2020,39,0.0071
50,CY2020-2022,50,0.9080
50,CY2020-2022,40,0.0839
50,CY2020-2022,39,0.0080
50,CY2021,50,0.8892
50,CY2021,40,0.0962
50,CY2021,39,0.0146
50,CY2022,50,0.9162
50,CY2022,40,0.0778
50,CY2022,39,0.0060
50,CY2023,50,0.8859
50,CY2023,40,0.1100
50,CY2023,39,0.0041
50,CY2023-2025,50,0.9094
50,CY2023-2025,40,0.0852
50,CY2023-2025,39,0.0054
50,YTD2019-08,50,0.9306
50,YTD2019-08,40,0.0603
50,YTD2019-08,39,0.0090
50,YTD2020-08,50,0.8989
50,YTD2020-08,40,0.0925
50,YTD2020-08,39,0.0086
50,YTD2021-08,50,0.9051
50,YTD2021-08,40,0.0766
50,YTD2021-08,39,0.0182
50,YTD2022-08,50,0.9134
50,YTD2022-08,40,0.0803
50,YTD2022-08,39,0.0064
50,YTD2023-08,50,0.8771
50,YTD2023-08,40,0.1179
50,YTD2023-08,39,0.0049
